ID,Species,Animal_Class,WQ_Principles,WQ_Criteria,Welfare_Hazards_Animal,Welfare_Hazards_Consequences,Welfare_Hazards_Affective_States,Welfare_Hazards_Impact,Ease_of_Hazard_Mitigation,Welfare_Indicator,Indicator_Type,Indicator_Dimensions,Indicator_Ease,Indicator_Resources,Hazards_Source_1,Hazards_Source_2,Global_Usage,Norway_Usage
1,Dairy cows,Tie stalls,Good Health,Absence of disease,Pasture access,Gastro-enteric disorders,Discomfort,High,Moderate,Abdominal discomfort,Welfare outcome,Health/physical/production,Moderate,Low,7,,F,Y
1,Dairy cows,Cubicles,Good Health,Absence of disease,Pasture access,Gastro-enteric disorders,Discomfort,High,Moderate,Abdominal discomfort,Welfare outcome,Health/physical/production,Moderate,Low,7,,F,Y
2,Dairy cows,Tie stalls,Appropiate behaviour,Expression of social behaviours,Continuous housing for long periods,General disruption of behaviour,Di(stress),Low,Difficult,Agonistic behaviour,Welfare outcome,Behavioural,Moderate,Low,7,,"F, R",Y
2,Dairy cows,Cubicles,Appropiate behaviour,Expression of social behaviours,Continuous housing for long periods,General disruption of behaviour,Di(stress),Low,Difficult,Agonistic behaviour,Welfare outcome,Behavioural,Moderate,Low,7,,"F, R",Y
3,Dairy cows,Tie stalls,Appropiate behaviour,Expression of other behaviours,Insufficient space,Restriction of movement,Discomfort,High,Moderate,Agonistic interactions,Welfare outcome,Behavioural,Moderate,Medium,,13a,R,N (research only)
3,Dairy cows,Cubicles,Appropiate behaviour,Expression of other behaviours,Insufficient space,Restriction of movement,Discomfort,High,Moderate,Agonistic interactions,Welfare outcome,Behavioural,Moderate,Medium,,13a,R,N (research only)
4,Dairy cows,Tie stalls,Appropiate behaviour,Expression of other behaviours,"Inadequate flooring in passageways, feeding and milking areas",Inability to perform comfort behaviour,Discomfort,Low,Difficult,Allo-grooming,Welfare outcome,Behavioural,Moderate,Medium,,,R,N (research only)
4,Dairy cows,Cubicles,Appropiate behaviour,Expression of other behaviours,"Inadequate flooring in passageways, feeding and milking areas",Inability to perform comfort behaviour,Discomfort,Low,Difficult,Allo-grooming,Welfare outcome,Behavioural,Moderate,Medium,2,13a,R,N (research only)
5,Dairy cows,Tie stalls,Good Housing,Comfort around resting,Continuous housing for long periods,Resting problems,Fatigue,High,Difficult,Altered resting posture,Welfare outcome,Behavioural,Moderate,Low,,,"F, R",Y
5,Dairy cows,Cubicles,Good Housing,Comfort around resting,Continuous housing for long periods,Resting problems,Fatigue,High,Difficult,Altered resting posture,Welfare outcome,Behavioural,Moderate,Low,,,"F, R",Y
6,Dairy cows,Tie stalls,Appropiate behaviour,Positive emotional state,Early separation of cow and calf,Separation stress,Di(stress),High,Difficult,Amount of eye white,Welfare outcome,Behavioural,Moderate,Medium,5,5,R,y
6,Dairy cows,Cubicles,Appropiate behaviour,Positive emotional state,Early separation of cow and calf,Separation stress,Di(stress),High,Difficult,Amount of eye white,Welfare outcome,Behavioural,Moderate,Medium,5,5,R,y
7,Dairy cows,Tie stalls,Appropiate behaviour,Positive emotional state,Early separation of cow and calf (after 24h),Separation stress,Di(stress),High,Easy,Amount of eye white,Welfare outcome,Behavioural,Moderate,Medium,5,5,R,y
7,Dairy cows,Cubicles,Appropiate behaviour,Positive emotional state,Early separation of cow and calf (after 24h),Separation stress,Di(stress),High,Easy,Amount of eye white,Welfare outcome,Behavioural,Moderate,Medium,5,5,R,y
8,Dairy cows,Tie stalls,Good Feeding,Absence of prolonged hunger,Poor pasture quality,Prolonged hunger,Discomfort,High,Moderate,Body condition scoring,Welfare outcome,Health/physical/production,Moderate,Low,4,,F,Y
8,Dairy cows,Cubicles,Good Feeding,Absence of prolonged hunger,Poor pasture quality,Prolonged hunger,Discomfort,High,Moderate,Body condition scoring,Welfare outcome,Health/physical/production,Moderate,Low,4,,F,Y
9,Dairy cows,Tie stalls,Good Feeding,Absence of prolonged hunger,Poor quality feed (low nutritive value),Prolonged hunger,Discomfort,High,Easy,Body condition scoring,Welfare outcome,Health/physical/production,Moderate,Low,3,,F,Y
9,Dairy cows,Cubicles,Good Feeding,Absence of prolonged hunger,Poor quality feed (low nutritive value),Prolonged hunger,Discomfort,High,Easy,Body condition scoring,Welfare outcome,Health/physical/production,Moderate,Low,3,,F,Y
10,Dairy cows,Cubicles,Good Feeding,Absence of prolonged hunger,Poor quality feed (pathogens/toxins),Prolonged hunger,Discomfort,High,Moderate,Body condition scoring,Welfare outcome,Health/physical/production,Moderate,Low,3,,F,Y
10,Dairy cows,Tie stalls,Good Feeding,Absence of prolonged hunger,Poor quality feed (pathogens/toxins),Prolonged hunger,Discomfort,High,Moderate,Body condition scoring,Welfare outcome,Health/physical/production,Moderate,Low,3,,F,Y
11,Dairy cows,Cubicles,Good Feeding,Absence of prolonged hunger,Underfeeding,Prolonged hunger,Discomfort,High,Easy,Body condition scoring,Welfare outcome,Health/physical/production,Moderate,Low,2,,F,Y
11,Dairy cows,Tie stalls,Good Feeding,Absence of prolonged hunger,Underfeeding,Prolonged hunger,Discomfort,High,Easy,Body condition scoring,Welfare outcome,Health/physical/production,Moderate,Low,2,,F,Y
12,Dairy cows,Cubicles,Appropiate behaviour,Expression of other behaviours,"Inadequate flooring in passageways, feeding and milking areas",Inability to perform comfort behaviour,Discomfort,Low,Difficult,Brush use,Welfare outcome,Behavioural,Moderate,Medium,,,F,Y
12,Dairy cows,Tie stalls,Appropiate behaviour,Expression of other behaviours,"Inadequate flooring in passageways, feeding and milking areas",Inability to perform comfort behaviour,Discomfort,Low,Difficult,Brush use,Welfare outcome,Behavioural,Moderate,Medium,2,13a,F,Y
13,Dairy cows,Cubicles,Good Health,Absence of disease,Poor calving conditions (pen design),Reproductive disorders,Pain,High,Moderate,Calving behaviour (difficult/long calving),Welfare outcome,Behavioural,Moderate,Low,,,F,Y
13,Dairy cows,Cubicles,Good Health,Absence of disease,Poor calving conditions (pen design),Reproductive disorders,Pain,High,Moderate,Calving behaviour (difficult/long calving),Welfare outcome,Behavioural,Moderate,Low,,,F,Y
14,Dairy cows,Tie stalls,Good Health,Absence of disease,Delayed calving intervention,Mortality,Di(stress),High,Easy,Calving records (death of cow),Management input,,Easy,Low,4,,F,Y
14,Dairy cows,Cubicles,Good Health,Absence of disease,Delayed calving intervention,Mortality,Di(stress),High,Easy,Calving records (death of cow),Management input,,Easy,Low,4,,F,Y
15,Dairy cows,Tie stalls,Good Health,Absence of disease,Difficulty calving because of the sire,Mortality,Di(stress),High,Moderate,Calving records (death of cow),Management input,,Easy,Low,3,,F,Y
15,Dairy cows,Cubicles,Good Health,Absence of disease,Difficulty calving because of the sire,Mortality,Di(stress),High,Moderate,Calving records (death of cow),Management input,,Easy,Low,3,,F,Y
16,Dairy cows,Tie stalls,Good Health,Absence of disease,Poor calving conditions (calving management),Mortality,Di(stress),High,Easy,Calving records (death of cow),Management input,,Easy,Low,3,,F,Y
16,Dairy cows,Cubicles,Good Health,Absence of disease,Poor calving conditions (calving management),Mortality,Di(stress),High,Easy,Calving records (death of cow),Management input,,Easy,Low,3,,F,Y
17,Dairy cows,Cubicles,Good Health,Absence of disease,Poor calving conditions (pen design),Reproductive disorders,Pain,High,Moderate,Calving records (difficulty calving),Management input,,Easy,Low,3,,F,Y
17,Dairy cows,Tie stalls,Good Health,Absence of disease,Poor calving conditions (pen design),Reproductive disorders,Pain,High,Moderate,Calving records (difficulty calving),Management input,,Easy,Low,3,,F,Y
18,Dairy cows,Cubicles,Good Health,Absence of disease,Poor calving conditions (pen design),Reproductive disorders,Pain,High,Moderate,Calving records (duration of calving),Management input,,Easy,Low,,,F,Y
18,Dairy cows,Tie stalls,Good Health,Absence of disease,Poor calving conditions (pen design),Reproductive disorders,Pain,High,Moderate,Calving records (duration of calving),Management input,,Easy,Low,,,F,Y
19,Dairy cows,Cubicles,Appropiate behaviour,Expression of other behaviours,Being tied up temporarily,Skin disorders (other than soft tissue lesions and integument damage),Discomfort,High,Easy,Coat condiition / cleanliness,Welfare outcome,Health/physical/production,Easy,Low,,,F,Y
19,Dairy cows,Tie stalls,Appropiate behaviour,Expression of other behaviours,Being tied up temporarily,Skin disorders (other than soft tissue lesions and integument damage),Discomfort,High,Easy,Coat condiition / cleanliness,Welfare outcome,Health/physical/production,Easy,Low,,,F,Y
20,Dairy cows,Cubicles,Appropiate behaviour,Expression of other behaviours,"Inadequate flooring in passageways, feeding and milking areas",Skin disorders (other than soft tissue lesions and integument damage),Discomfort,High,Difficult,Coat condiition / cleanliness,Welfare outcome,Health/physical/production,Easy,Low,,,F,Y
20,Dairy cows,Cubicles,Appropiate behaviour,Expression of other behaviours,"Inadequate flooring in passageways, feeding and milking areas",Skin disorders (other than soft tissue lesions and integument damage),Discomfort,High,Difficult,Coat condiition / cleanliness,Welfare outcome,Health/physical/production,Easy,Low,,,F,Y
21,Dairy cows,Tie stalls,Good Health,Absence of disease,Inadequate bedding (cubicle/stall floor),Environmental stress,Pain,Low,Easy,"Cow Pain Scale (attention towards surroundings, head position, ear position, facial expression, response to approach, back position, lameness)",Welfare outcome,Behavioural,Moderate,Medium,2,12,"F, R",N
21,Dairy cows,Cubicles,Good Health,Absence of disease,Inadequate bedding (cubicle/stall floor),Environmental stress,Pain,Low,Easy,"Cow Pain Scale (attention towards surroundings, head position, ear position, facial expression, response to approach, back position, lameness)",Welfare outcome,Behavioural,Moderate,Medium,2,12,"F, R",N
22,Dairy cows,Tie stalls,Good Health,Absence of disease,"Inadequate design of waiting area (size, flooring, crowding gates)",Environmental stress,Pain,Low,Difficult,"Cow Pain Scale (attention towards surroundings, head position, ear position, facial expression, response to approach, back position, lameness)",Welfare outcome,Behavioural,Moderate,Medium,,,"F, R",N
22,Dairy cows,Cubicles,Good Health,Absence of disease,"Inadequate design of waiting area (size, flooring, crowding gates)",Environmental stress,Pain,Low,Difficult,"Cow Pain Scale (attention towards surroundings, head position, ear position, facial expression, response to approach, back position, lameness)",Welfare outcome,Behavioural,Moderate,Medium,2,12,"F, R",N
23,Dairy cows,Tie stalls,Good Health,Absence of disease,Inadequate maintenance of milking equipment,Environmental stress,Pain,Low,Easy,"Cow Pain Scale (attention towards surroundings, head position, ear position, facial expression, response to approach, back position, lameness)",Welfare outcome,Behavioural,Moderate,Medium,2,12,"F, R",N
23,Dairy cows,Cubicles,Good Health,Absence of disease,Inadequate maintenance of milking equipment,Environmental stress,Pain,Low,Easy,"Cow Pain Scale (attention towards surroundings, head position, ear position, facial expression, response to approach, back position, lameness)",Welfare outcome,Behavioural,Moderate,Medium,2,12,"F, R",N
24,Dairy cows,Cubicles,Good Health,Absence of disease,Inadequate milking parlour design,Environmental stress,Pain,Low,Difficult,"Cow Pain Scale (attention towards surroundings, head position, ear position, facial expression, response to approach, back position, lameness)",Welfare outcome,Behavioural,Moderate,Medium,,,"F, R",N
24,Dairy cows,Tie stalls,Good Health,Absence of disease,Inadequate milking parlour design,Environmental stress,Pain,Low,Difficult,"Cow Pain Scale (attention towards surroundings, head position, ear position, facial expression, response to approach, back position, lameness)",Welfare outcome,Behavioural,Moderate,Medium,2,12,"F, R",N
25,Dairy cows,Cubicles,Good Health,Absence of disease,Poor cubicle design,Environmental stress,Pain,Low,Difficult,"Cow Pain Scale (attention towards surroundings, head position, ear position, facial expression, response to approach, back position, lameness)",Welfare outcome,Behavioural,Moderate,Medium,,,"F, R",N
25,Dairy cows,Tie stalls,Good Health,Absence of disease,Poor cubicle design,Environmental stress,Pain,Low,Difficult,"Cow Pain Scale (attention towards surroundings, head position, ear position, facial expression, response to approach, back position, lameness)",Welfare outcome,Behavioural,Moderate,Medium,2,12,"F, R",N
26,Dairy cows,Cubicles,Good Health,Absence of disease,Poor stall design / stall too small,Environmental stress,Pain,Low,Difficult,"Cow Pain Scale (attention towards surroundings, head position, ear position, facial expression, response to approach, back position, lameness)",Welfare outcome,Behavioural,Moderate,Medium,2,12,"F, R",N
26,Dairy cows,Tie stalls,Good Health,Absence of disease,Poor stall design / stall too small,Environmental stress,Pain,Low,Difficult,"Cow Pain Scale (attention towards surroundings, head position, ear position, facial expression, response to approach, back position, lameness)",Welfare outcome,Behavioural,Moderate,Medium,,,"F, R",N
27,Dairy cows,Cubicles,Good Health,Absence of pain induced by management procedures,Use of cow trainers,Environmental stress,Pain,Low,Moderate,"Cow Pain Scale (attention towards surroundings, head position, ear position, facial expression, response to approach, back position, lameness)",Welfare outcome,Behavioural,Moderate,Medium,,12,"F, R",N
27,Dairy cows,Cubicles,Good Health,Absence of pain induced by management procedures,Use of cow trainers,Environmental stress,Pain,Low,Moderate,"Cow Pain Scale (attention towards surroundings, head position, ear position, facial expression, response to approach, back position, lameness)",Welfare outcome,Behavioural,Moderate,Medium,,,"F, R",N
28,Dairy cows,Tie stalls,Good Health,Absence of disease,Poor calving conditions (unable to separate from other animals),Group (social) stress,Pain,Low,Moderate,"Cow Pain Scale (attention towards surroundings, head position, ear position, facial expression, response to approach, back position, lameness)",Welfare outcome,Behavioural,Moderate,Medium,2,12,"F, R",N
28,Dairy cows,Cubicles,Good Health,Absence of disease,Poor calving conditions (unable to separate from other animals),Group (social) stress,Pain,Low,Moderate,"Cow Pain Scale (attention towards surroundings, head position, ear position, facial expression, response to approach, back position, lameness)",Welfare outcome,Behavioural,Moderate,Medium,2,12,"F, R",N
29,Dairy cows,Tie stalls,Good Health,Absence of pain induced by management procedures,Mixing animals from different groups ,Group (social) stress,Pain,Low,Moderate,"Cow Pain Scale (attention towards surroundings, head position, ear position, facial expression, response to approach, back position, lameness)",Welfare outcome,Behavioural,Moderate,Medium,,,"F, R",N
29,Dairy cows,Cubicles,Good Health,Absence of pain induced by management procedures,Mixing animals from different groups ,Group (social) stress,Pain,Low,Moderate,"Cow Pain Scale (attention towards surroundings, head position, ear position, facial expression, response to approach, back position, lameness)",Welfare outcome,Behavioural,Moderate,Medium,2,12,"F, R",N
30,Dairy cows,Tie stalls,Good Health,Absence of disease,Lack of handling/restraining facilities,Handling stress,Pain,Low,Moderate,"Cow Pain Scale (attention towards surroundings, head position, ear position, facial expression, response to approach, back position, lameness)",Welfare outcome,Behavioural,Moderate,Medium,2,12,"F, R",N
30,Dairy cows,Cubicles,Good Health,Absence of disease,Lack of handling/restraining facilities,Handling stress,Pain,Low,Moderate,"Cow Pain Scale (attention towards surroundings, head position, ear position, facial expression, response to approach, back position, lameness)",Welfare outcome,Behavioural,Moderate,Medium,2,12,"F, R",N
31,Dairy cows,Cubicles,Good Health,Absence of disease,Poor calving conditions (absence of pen),Reproductive disorders,Pain,High,Moderate,"Cow Pain Scale (attention towards surroundings, head position, ear position, facial expression, response to approach, back position, lameness)",Welfare outcome,Behavioural,Moderate,Medium,2,12,"F, R",N
31,Dairy cows,Tie stalls,Good Health,Absence of disease,Poor calving conditions (absence of pen),Reproductive disorders,Pain,High,Moderate,"Cow Pain Scale (attention towards surroundings, head position, ear position, facial expression, response to approach, back position, lameness)",Welfare outcome,Behavioural,Moderate,Medium,2,12,"F, R",N
32,Dairy cows,Cubicles,Good Health,Absence of pain induced by management procedures,Being tied up temporarily,Restriction of movement,Pain,High,Easy,"Cow Pain Scale (attention towards surroundings, head position, ear position, facial expression, response to approach, back position, lameness)",Welfare outcome,Behavioural,Moderate,Medium,,,"F, R",N
32,Dairy cows,Tie stalls,Good Health,Absence of pain induced by management procedures,Being tied up temporarily,Restriction of movement,Pain,High,Easy,"Cow Pain Scale (attention towards surroundings, head position, ear position, facial expression, response to approach, back position, lameness)",Welfare outcome,Behavioural,Moderate,Medium,2,12,"F, R",N
33,Dairy cows,Cubicles,Good Health,Absence of disease,Poor calving conditions (pen design),Soft tissue lesions and integument damage,Pain,High,Moderate,"Cow Pain Scale (attention towards surroundings, head position, ear position, facial expression, response to approach, back position, lameness)",Welfare outcome,Behavioural,Moderate,Medium,2,12,"F, R",N
33,Dairy cows,Tie stalls,Good Health,Absence of disease,Poor calving conditions (pen design),Soft tissue lesions and integument damage,Pain,High,Moderate,"Cow Pain Scale (attention towards surroundings, head position, ear position, facial expression, response to approach, back position, lameness)",Welfare outcome,Behavioural,Moderate,Medium,2,12,"F, R",N
34,Dairy cows,Cubicles,Good Health,Absence of disease,Tie stall collar (too tight),Soft tissue lesions and integument damage,Pain,High,Easy,"Cow Pain Scale (attention towards surroundings, head position, ear position, facial expression, response to approach, back position, lameness)",Welfare outcome,Behavioural,Moderate,Medium,,12,"F, R",N
34,Dairy cows,Cubicles,Good Health,Absence of disease,Tie stall collar (too tight),Soft tissue lesions and integument damage,Pain,High,Easy,"Cow Pain Scale (attention towards surroundings, head position, ear position, facial expression, response to approach, back position, lameness)",Welfare outcome,Behavioural,Moderate,Medium,,,"F, R",N
35,Dairy cows,Tie stalls,Good Housing,Comfort around resting,Insufficient space,Resting problems,Fatigue,High,Moderate,"Deviation from normal, uninterrupted getting up movement",Welfare outcome,Behavioural,Moderate,Medium,,13a,R,N (research only)
35,Dairy cows,Cubicles,Good Housing,Comfort around resting,Insufficient space,Resting problems,Fatigue,High,Moderate,"Deviation from normal, uninterrupted getting up movement",Welfare outcome,Behavioural,Moderate,Medium,,13a,R,N (research only)
36,Dairy cows,Tie stalls,Good Health,Absence of disease,Poor cubicle design,Environmental stress,Discomfort,Low,Difficult,Disease,Welfare outcome,Health/physical/production,Easy,Low,,,F,Y
36,Dairy cows,Cubicles,Good Health,Absence of disease,Poor cubicle design,Environmental stress,Discomfort,Low,Difficult,Disease,Welfare outcome,Health/physical/production,Easy,Low,3,,F,Y
37,Dairy cows,Tie stalls,Good Health,Absence of disease,Milking robot breakdown,Soft tissue lesions and integument damage,Discomfort,High,Easy,Distended udder,Welfare outcome,Health/physical/production,Easy,Low,,,F,Y
37,Dairy cows,Cubicles,Good Health,Absence of disease,Milking robot breakdown,Soft tissue lesions and integument damage,Discomfort,High,Easy,Distended udder,Welfare outcome,Health/physical/production,Easy,Low,,,F,Y
38,Dairy cows,Cubicles,Good Health,Absence of disease,Milking robot not used by cow,Soft tissue lesions and integument damage,Discomfort,High,Moderate,Distended udder,Welfare outcome,Health/physical/production,Easy,Low,,,F,Y
38,Dairy cows,Tie stalls,Good Health,Absence of disease,Milking robot not used by cow,Soft tissue lesions and integument damage,Discomfort,High,Moderate,Distended udder,Welfare outcome,Health/physical/production,Easy,Low,,,F,Y
39,Dairy cows,Cubicles,Good Housing,Comfort around resting,Insufficient space,Resting problems,Fatigue,High,Moderate,Duration of lying down movement,Welfare outcome,Behavioural,Moderate,Medium,,13a,R,N (research only)
39,Dairy cows,Tie stalls,Good Housing,Comfort around resting,Insufficient space,Resting problems,Fatigue,High,Moderate,Duration of lying down movement,Welfare outcome,Behavioural,Moderate,Medium,,13a,R,N (research only)
40,Dairy cows,Cubicles,Good Housing,Comfort around resting,Insufficient space,Resting problems,Fatigue,High,Moderate,Frequency of lying bouts,Welfare outcome,Behavioural,Moderate,Medium,,13a,R,N (research only)
40,Dairy cows,Tie stalls,Good Housing,Comfort around resting,Insufficient space,Resting problems,Fatigue,High,Moderate,Frequency of lying bouts,Welfare outcome,Behavioural,Moderate,Medium,,13a,R,N (research only)
41,Dairy cows,Cubicles,Good Health,Absence of disease,Continuous housing for long periods,Locomotor disorders (including lameness),Pain,High,Difficult,Gait assessment,Welfare outcome,Behavioural,Moderate,Low,7,13a,F,Y
41,Dairy cows,Cubicles,Good Health,Absence of disease,Continuous housing for long periods,Locomotor disorders (including lameness),Pain,High,Difficult,Gait assessment,Welfare outcome,Behavioural,Moderate,Low,7,13a,F,Y
42,Dairy cows,Tie stalls,Good Health,Absence of disease,"Inadequate flooring in passageways, feeding and milking areas",Locomotor disorders (including lameness),Pain,High,Difficult,Gait assessment,Welfare outcome,Behavioural,Moderate,Low,2,13a,F,Y
42,Dairy cows,Cubicles,Good Health,Absence of disease,"Inadequate flooring in passageways, feeding and milking areas",Locomotor disorders (including lameness),Pain,High,Difficult,Gait assessment,Welfare outcome,Behavioural,Moderate,Low,,,F,Y
43,Dairy cows,Tie stalls,Good Health,Absence of disease,Mixing animals from different groups,Locomotor disorders (including lameness),Pain,High,Moderate,Gait assessment,Welfare outcome,Behavioural,Moderate,Low,,,F,Y
43,Dairy cows,Cubicles,Good Health,Absence of disease,Mixing animals from different groups,Locomotor disorders (including lameness),Pain,High,Moderate,Gait assessment,Welfare outcome,Behavioural,Moderate,Low,3,13a,F,Y
44,Dairy cows,Tie stalls,Good Housing,Ease of movement,Being tied without exercise for long periods ,Locomotor disorders (including lameness),Pain,High,Difficult,Gait assessment,Welfare outcome,Behavioural,Moderate,Low,2,13a,F,Y
44,Dairy cows,Cubicles,Good Housing,Ease of movement,Being tied without exercise for long periods ,Locomotor disorders (including lameness),Pain,High,Difficult,Gait assessment,Welfare outcome,Behavioural,Moderate,Low,,,F,Y
45,Dairy cows,Cubicles,Good Housing,Ease of movement,Fewer cubicles than cows,Locomotor disorders (including lameness),Pain,High,Moderate,Gait assessment,Welfare outcome,Behavioural,Moderate,Low,,,F,Y
45,Dairy cows,Tie stalls,Good Housing,Ease of movement,Fewer cubicles than cows,Locomotor disorders (including lameness),Pain,High,Moderate,Gait assessment,Welfare outcome,Behavioural,Moderate,Low,2,13a,F,Y
46,Dairy cows,Cubicles,Good Housing,Ease of movement,Inadequate maintenance of housing,Locomotor disorders (including lameness),Pain,High,Easy,Gait assessment,Welfare outcome,Behavioural,Moderate,Low,2,13a,F,Y
46,Dairy cows,Tie stalls,Good Housing,Ease of movement,Inadequate maintenance of housing,Locomotor disorders (including lameness),Pain,High,Easy,Gait assessment,Welfare outcome,Behavioural,Moderate,Low,2,13a,F,Y
47,Dairy cows,Cubicles,Good Housing,Ease of movement,Lack of space for exercise and social interactions,Locomotor disorders (including lameness),Pain,High,Difficult,Gait assessment,Welfare outcome,Behavioural,Moderate,Low,,,F,Y
47,Dairy cows,Tie stalls,Good Housing,Ease of movement,Lack of space for exercise and social interactions,Locomotor disorders (including lameness),Pain,High,Difficult,Gait assessment,Welfare outcome,Behavioural,Moderate,Low,2,13a,F,Y
48,Dairy cows,Cubicles,Good Health,Absence of disease,"Inadequate flooring in passageways, feeding and milking areas",Soft tissue lesions and integument damage,Pain,High,Difficult,Gait assessment,Welfare outcome,Behavioural,Moderate,Low,2,,F,Y
48,Dairy cows,Cubicles,Good Health,Absence of disease,"Inadequate flooring in passageways, feeding and milking areas",Soft tissue lesions and integument damage,Pain,High,Difficult,Gait assessment,Welfare outcome,Behavioural,Moderate,Low,,,F,Y
49,Dairy cows,Tie stalls,Good Health,Absence of disease,Continuous housing for long periods,Locomotor disorders (including lameness),Pain,High,Difficult,Hock alterations,Welfare outcome,Health/physical/production,Moderate,Low,7,13a,"F, R",N (research only)
49,Dairy cows,Cubicles,Good Health,Absence of disease,Continuous housing for long periods,Locomotor disorders (including lameness),Pain,High,Difficult,Hock alterations,Welfare outcome,Health/physical/production,Moderate,Low,7,13a,"F, R",N (research only)
50,Dairy cows,Tie stalls,Good Health,Absence of disease,"Inadequate flooring in passageways, feeding and milking areas",Locomotor disorders (including lameness),Pain,High,Difficult,Hock alterations,Welfare outcome,Health/physical/production,Moderate,Low,2,13a,"F, R",N (research only)
50,Dairy cows,Cubicles,Good Health,Absence of disease,"Inadequate flooring in passageways, feeding and milking areas",Locomotor disorders (including lameness),Pain,High,Difficult,Hock alterations,Welfare outcome,Health/physical/production,Moderate,Low,,,"F, R",N (research only)
51,Dairy cows,Tie stalls,Good Health,Absence of disease,Mixing animals from different groups,Locomotor disorders (including lameness),Pain,High,Moderate,Hock alterations,Welfare outcome,Health/physical/production,Moderate,Low,,,"F, R",N (research only)
51,Dairy cows,Cubicles,Good Health,Absence of disease,Mixing animals from different groups,Locomotor disorders (including lameness),Pain,High,Moderate,Hock alterations,Welfare outcome,Health/physical/production,Moderate,Low,3,13a,"F, R",N (research only)
52,Dairy cows,Cubicles,Good Housing,Ease of movement,Being tied without exercise for long periods ,Locomotor disorders (including lameness),Pain,High,Difficult,Hock alterations,Welfare outcome,Health/physical/production,Moderate,Low,2,13a,"F, R",N (research only)
52,Dairy cows,Tie stalls,Good Housing,Ease of movement,Being tied without exercise for long periods ,Locomotor disorders (including lameness),Pain,High,Difficult,Hock alterations,Welfare outcome,Health/physical/production,Moderate,Low,,,"F, R",N (research only)
53,Dairy cows,Cubicles,Good Housing,Ease of movement,Fewer cubicles than cows,Locomotor disorders (including lameness),Pain,High,Moderate,Hock alterations,Welfare outcome,Health/physical/production,Moderate,Low,,,"F, R",N (research only)
53,Dairy cows,Tie stalls,Good Housing,Ease of movement,Fewer cubicles than cows,Locomotor disorders (including lameness),Pain,High,Moderate,Hock alterations,Welfare outcome,Health/physical/production,Moderate,Low,2,13a,"F, R",N (research only)
54,Dairy cows,Cubicles,Good Housing,Ease of movement,Inadequate maintenance of housing,Locomotor disorders (including lameness),Pain,High,Easy,Hock alterations,Welfare outcome,Health/physical/production,Moderate,Low,2,13a,"F, R",N (research only)
54,Dairy cows,Tie stalls,Good Housing,Ease of movement,Inadequate maintenance of housing,Locomotor disorders (including lameness),Pain,High,Easy,Hock alterations,Welfare outcome,Health/physical/production,Moderate,Low,2,13a,"F, R",N (research only)
55,Dairy cows,Cubicles,Good Housing,Ease of movement,Lack of space for exercise and social interactions,Locomotor disorders (including lameness),Pain,High,Difficult,Hock alterations,Welfare outcome,Health/physical/production,Moderate,Low,,,"F, R",N (research only)
55,Dairy cows,Cubicles,Good Housing,Ease of movement,Lack of space for exercise and social interactions,Locomotor disorders (including lameness),Pain,High,Difficult,Hock alterations,Welfare outcome,Health/physical/production,Moderate,Low,2,13a,"F, R",N (research only)
56,Dairy cows,Tie stalls,Good Health,Absence of disease,Continuous housing for long periods,Mastitis,Discomfort,High,Difficult,"Hot, red, painful udder",Welfare outcome,Health/physical/production,Easy,Low,7,,F,Y
56,Dairy cows,Cubicles,Good Health,Absence of disease,Continuous housing for long periods,Mastitis,Discomfort,High,Difficult,"Hot, red, painful udder",Welfare outcome,Health/physical/production,Easy,Low,7,,F,Y
57,Dairy cows,Tie stalls,Good Health,Absence of disease,Early separation of cow and calf,Mastitis,Discomfort,High,Difficult,"Hot, red, painful udder",Welfare outcome,Health/physical/production,Easy,Low,6,,F,Y
57,Dairy cows,Cubicles,Good Health,Absence of disease,Early separation of cow and calf,Mastitis,Discomfort,High,Difficult,"Hot, red, painful udder",Welfare outcome,Health/physical/production,Easy,Low,6,,F,Y
58,Dairy cows,Tie stalls,Good Health,Absence of disease,Inadequate milking equipment,Mastitis,Discomfort,High,Moderate,"Hot, red, painful udder",Welfare outcome,Health/physical/production,Easy,Low,3,,F,Y
58,Dairy cows,Cubicles,Good Health,Absence of disease,Inadequate milking equipment,Mastitis,Discomfort,High,Moderate,"Hot, red, painful udder",Welfare outcome,Health/physical/production,Easy,Low,3,,F,Y
59,Dairy cows,Cubicles,Good Health,Absence of disease,Inadequate milking parlour design,Mastitis,Discomfort,High,Difficult,"Hot, red, painful udder",Welfare outcome,Health/physical/production,Easy,Low,,,F,Y
59,Dairy cows,Tie stalls,Good Health,Absence of disease,Inadequate milking parlour design,Mastitis,Discomfort,High,Difficult,"Hot, red, painful udder",Welfare outcome,Health/physical/production,Easy,Low,3,,F,Y
60,Dairy cows,Cubicles,Good Health,Absence of disease,Inadequate milking robot design,Mastitis,Discomfort,High,Moderate,"Hot, red, painful udder",Welfare outcome,Health/physical/production,Easy,Low,,,F,Y
60,Dairy cows,Tie stalls,Good Health,Absence of disease,Inadequate milking robot design,Mastitis,Discomfort,High,Moderate,"Hot, red, painful udder",Welfare outcome,Health/physical/production,Easy,Low,3,,F,Y
61,Dairy cows,Cubicles,Good Housing,Thermal comfort,Inadequate bedding (cubicle/stall floor),Cold stress,Discomfort,Low,Easy,Huddling,Welfare outcome,Behavioural,Moderate,Low,,,"F, R",Y
61,Dairy cows,Tie stalls,Good Housing,Thermal comfort,Inadequate bedding (cubicle/stall floor),Cold stress,Discomfort,Low,Easy,Huddling,Welfare outcome,Behavioural,Moderate,Low,,,"F, R",Y
62,Dairy cows,Cubicles,Good Housing,Thermal comfort,Inadequate maintenance of housing,Cold stress,Di(stress),Low,Easy,Huddling,Welfare outcome,Behavioural,Moderate,Low,,,"F, R",Y
62,Dairy cows,Cubicles,Good Housing,Thermal comfort,Inadequate maintenance of housing,Cold stress,Di(stress),Low,Easy,Huddling,Welfare outcome,Behavioural,Moderate,Low,,,"F, R",Y
63,Dairy cows,Tie stalls,Good Housing,Thermal comfort,Insufficient protection from weather,Cold stress,Di(stress),Low,Moderate,Huddling,Welfare outcome,Behavioural,Moderate,Low,,,"F, R",Y
63,Dairy cows,Cubicles,Good Housing,Thermal comfort,Insufficient protection from weather,Cold stress,Di(stress),Low,Moderate,Huddling,Welfare outcome,Behavioural,Moderate,Low,,,"F, R",Y
64,Dairy cows,Tie stalls,Good Housing,Thermal comfort,Lack of facilities for sick animals,Cold stress,Di(stress),Low,Moderate,Huddling,Welfare outcome,Behavioural,Moderate,Low,,,"F, R",Y
64,Dairy cows,Cubicles,Good Housing,Thermal comfort,Lack of facilities for sick animals,Cold stress,Di(stress),Low,Moderate,Huddling,Welfare outcome,Behavioural,Moderate,Low,,,"F, R",Y
65,Dairy cows,Tie stalls,Appropiate behaviour,Expression of other behaviours,Poor calving conditions (absence of pen),Reproductive disorders,Di(stress),High,Moderate,Impaired calving behavour,Welfare outcome,Behavioural,Moderate,Low,2,,F,Y
65,Dairy cows,Cubicles,Appropiate behaviour,Expression of other behaviours,Poor calving conditions (absence of pen),Reproductive disorders,Di(stress),High,Moderate,Impaired calving behavour,Welfare outcome,Behavioural,Moderate,Low,2,,F,Y
66,Dairy cows,Cubicles,Appropiate behaviour,Expression of other behaviours,Poor calving conditions (pen design),Reproductive disorders,Di(stress),High,Moderate,Impaired calving behavour,Welfare outcome,Behavioural,Moderate,Low,2,,F,Y
66,Dairy cows,Tie stalls,Appropiate behaviour,Expression of other behaviours,Poor calving conditions (pen design),Reproductive disorders,Di(stress),High,Moderate,Impaired calving behavour,Welfare outcome,Behavioural,Moderate,Low,2,,F,Y
67,Dairy cows,Cubicles,Appropiate behaviour,Expression of other behaviours,Poor calving conditions (unable to separate from other animals),Reproductive disorders,Di(stress),High,Moderate,Impaired calving behavour,Welfare outcome,Behavioural,Moderate,Low,2,,F,Y
67,Dairy cows,Tie stalls,Appropiate behaviour,Expression of other behaviours,Poor calving conditions (unable to separate from other animals),Reproductive disorders,Di(stress),High,Moderate,Impaired calving behavour,Welfare outcome,Behavioural,Moderate,Low,2,,F,Y
68,Dairy cows,Cubicles,Appropiate behaviour,Expression of other behaviours,Being tied up temporarily,Inability to perform comfort behaviour,Discomfort,Low,Easy,Impaired maintenance behaviour,Welfare outcome,Behavioural,Moderate,Medium,,,R,N (research only)
68,Dairy cows,Tie stalls,Appropiate behaviour,Expression of other behaviours,Being tied up temporarily,Inability to perform comfort behaviour,Discomfort,Low,Easy,Impaired maintenance behaviour,Welfare outcome,Behavioural,Moderate,Medium,2,,R,N (research only)
69,Dairy cows,Cubicles,Appropiate behaviour,Expression of other behaviours,"Inadequate flooring in passageways, feeding and milking areas",Inability to perform comfort behaviour,Discomfort,Low,Difficult,Impaired maintenance behaviour,Welfare outcome,Behavioural,Moderate,Medium,2,,R,N (research only)
69,Dairy cows,Cubicles,Appropiate behaviour,Expression of other behaviours,"Inadequate flooring in passageways, feeding and milking areas",Inability to perform comfort behaviour,Discomfort,Low,Difficult,Impaired maintenance behaviour,Welfare outcome,Behavioural,Moderate,Medium,2,,R,N (research only)
70,Dairy cows,Tie stalls,Appropiate behaviour,Expression of social behaviours,"Inadequate flooring in passageways, feeding and milking areas",General disruption of behaviour,Frustration,Low,Difficult,Impaired social behaviour,Welfare outcome,Behavioural,Moderate,Medium,,,R,N (research only)
70,Dairy cows,Cubicles,Appropiate behaviour,Expression of social behaviours,"Inadequate flooring in passageways, feeding and milking areas",General disruption of behaviour,Frustration,Low,Difficult,Impaired social behaviour,Welfare outcome,Behavioural,Moderate,Medium,2,,R,N (research only)
71,Dairy cows,Tie stalls,Appropiate behaviour,Expression of social behaviours,Lack of space for exercise and social interactions,General disruption of behaviour,Frustration,Low,Difficult,Impaired social behaviour,Welfare outcome,Behavioural,Moderate,Medium,,,R,N (research only)
71,Dairy cows,Cubicles,Appropiate behaviour,Expression of social behaviours,Lack of space for exercise and social interactions,General disruption of behaviour,Frustration,Low,Difficult,Impaired social behaviour,Welfare outcome,Behavioural,Moderate,Medium,2,,R,N (research only)
72,Dairy cows,Tie stalls,Appropiate behaviour,Expression of social behaviours,Mixing animals from different groups,General disruption of behaviour,Frustration,Low,Moderate,Impaired social behaviour,Welfare outcome,Behavioural,Moderate,Medium,,,R,N (research only)
72,Dairy cows,Cubicles,Appropiate behaviour,Expression of social behaviours,Mixing animals from different groups,General disruption of behaviour,Frustration,Low,Moderate,Impaired social behaviour,Welfare outcome,Behavioural,Moderate,Medium,2,,R,N (research only)
73,Dairy cows,Cubicles,Good Housing,Thermal comfort,Inadequate maintenance of housing,Heat stress,Di(stress),Low,Easy,Increased standing,Welfare outcome,Behavioural,Moderate,Low,,,"F, R",Y
73,Dairy cows,Tie stalls,Good Housing,Thermal comfort,Inadequate maintenance of housing,Heat stress,Di(stress),Low,Easy,Increased standing,Welfare outcome,Behavioural,Moderate,Low,,,"F, R",Y
74,Dairy cows,Cubicles,Good Housing,Thermal comfort,Insufficient protection from weather,Heat stress,Di(stress),Low,Moderate,Increased standing,Welfare outcome,Behavioural,Moderate,Low,,,"F, R",Y
74,Dairy cows,Tie stalls,Good Housing,Thermal comfort,Insufficient protection from weather,Heat stress,Di(stress),Low,Moderate,Increased standing,Welfare outcome,Behavioural,Moderate,Low,,,"F, R",Y
75,Dairy cows,Cubicles,Good Health,Absence of injuries,Poor calving conditions (pen design),Bone lesions (incl. fractures and dislocations),Pain,High,Moderate,Injuries,Welfare outcome,Health/physical/production,Easy,Low,3,,F,Y
75,Dairy cows,Tie stalls,Good Health,Absence of injuries,Poor calving conditions (pen design),Bone lesions (incl. fractures and dislocations),Pain,High,Moderate,Injuries,Welfare outcome,Health/physical/production,Easy,Low,3,,F,Y
76,Dairy cows,Cubicles,Good Health,Absence of injuries,"Inadequate flooring in passageways, feeding and milking areas",Soft tissue lesions and integument damage,Pain,High,Difficult,Injuries,Welfare outcome,Health/physical/production,Easy,Low,2,,F,Y
76,Dairy cows,Cubicles,Good Health,Absence of injuries,"Inadequate flooring in passageways, feeding and milking areas",Soft tissue lesions and integument damage,Pain,High,Difficult,Injuries,Welfare outcome,Health/physical/production,Easy,Low,,,F,Y
77,Dairy cows,Tie stalls,Good Health,Absence of injuries,Inadequate maintenance of housing,Soft tissue lesions and integument damage,Pain,High,Easy,Injuries,Welfare outcome,Health/physical/production,Easy,Low,3,,F,Y
77,Dairy cows,Cubicles,Good Health,Absence of injuries,Inadequate maintenance of housing,Soft tissue lesions and integument damage,Pain,High,Easy,Injuries,Welfare outcome,Health/physical/production,Easy,Low,3,,F,Y
78,Dairy cows,Tie stalls,Good Health,Absence of injuries,Lack of space for exercise and social interactions,Soft tissue lesions and integument damage,Pain,High,Difficult,Injuries,Welfare outcome,Health/physical/production,Easy,Low,,,F,Y
78,Dairy cows,Cubicles,Good Health,Absence of injuries,Lack of space for exercise and social interactions,Soft tissue lesions and integument damage,Pain,High,Difficult,Injuries,Welfare outcome,Health/physical/production,Easy,Low,3,,F,Y
79,Dairy cows,Tie stalls,Good Health,Absence of injuries,Mixing animals from different groups,Soft tissue lesions and integument damage,Pain,High,Moderate,Injuries,Welfare outcome,Health/physical/production,Easy,Low,,,F,Y
79,Dairy cows,Cubicles,Good Health,Absence of injuries,Mixing animals from different groups,Soft tissue lesions and integument damage,Pain,High,Moderate,Injuries,Welfare outcome,Health/physical/production,Easy,Low,3,,F,Y
80,Dairy cows,Cubicles,Good Health,Absence of injuries,Poor cubicle design,Soft tissue lesions and integument damage,Pain,High,Difficult,Injuries,Welfare outcome,Health/physical/production,Easy,Low,,,F,Y
80,Dairy cows,Tie stalls,Good Health,Absence of injuries,Poor cubicle design,Soft tissue lesions and integument damage,Pain,High,Difficult,Injuries,Welfare outcome,Health/physical/production,Easy,Low,3,,F,Y
81,Dairy cows,Cubicles,Good Health,Absence of injuries,Poor stall design / stall too small,Soft tissue lesions and integument damage,Pain,High,Difficult,Injuries,Welfare outcome,Health/physical/production,Easy,Low,3,,F,Y
81,Dairy cows,Tie stalls,Good Health,Absence of injuries,Poor stall design / stall too small,Soft tissue lesions and integument damage,Pain,High,Difficult,Injuries,Welfare outcome,Health/physical/production,Easy,Low,,,F,Y
82,Dairy cows,Cubicles,Good Health,Absence of injuries,Too few feeding places  ,Soft tissue lesions and integument damage,Pain,High,Difficult,Injuries,Welfare outcome,Health/physical/production,Easy,Low,,,F,Y
82,Dairy cows,Tie stalls,Good Health,Absence of injuries,Too few feeding places  ,Soft tissue lesions and integument damage,Pain,High,Difficult,Injuries,Welfare outcome,Health/physical/production,Easy,Low,3,,F,Y
83,Dairy cows,Cubicles,Good Health,Absence of disease,Continuous housing for long periods,Locomotor disorders (including lameness),Pain,High,Difficult,Knee alterations,Welfare outcome,Health/physical/production,Moderate,Low,7,13a,"F, R",N (research only)
83,Dairy cows,Cubicles,Good Health,Absence of disease,Continuous housing for long periods,Locomotor disorders (including lameness),Pain,High,Difficult,Knee alterations,Welfare outcome,Health/physical/production,Moderate,Low,7,13a,"F, R",N (research only)
84,Dairy cows,Tie stalls,Good Health,Absence of disease,"Inadequate flooring in passageways, feeding and milking areas",Locomotor disorders (including lameness),Pain,High,Difficult,Knee alterations,Welfare outcome,Health/physical/production,Moderate,Low,2,13a,"F, R",N (research only)
84,Dairy cows,Cubicles,Good Health,Absence of disease,"Inadequate flooring in passageways, feeding and milking areas",Locomotor disorders (including lameness),Pain,High,Difficult,Knee alterations,Welfare outcome,Health/physical/production,Moderate,Low,,,"F, R",N (research only)
85,Dairy cows,Tie stalls,Good Health,Absence of disease,Mixing animals from different groups,Locomotor disorders (including lameness),Pain,High,Moderate,Knee alterations,Welfare outcome,Health/physical/production,Moderate,Low,,,"F, R",N (research only)
85,Dairy cows,Cubicles,Good Health,Absence of disease,Mixing animals from different groups,Locomotor disorders (including lameness),Pain,High,Moderate,Knee alterations,Welfare outcome,Health/physical/production,Moderate,Low,3,13a,"F, R",N (research only)
86,Dairy cows,Tie stalls,Good Housing,Ease of movement,Being tied without exercise for long periods ,Locomotor disorders (including lameness),Pain,High,Difficult,Knee alterations,Welfare outcome,Health/physical/production,Moderate,Low,2,13a,"F, R",N (research only)
86,Dairy cows,Cubicles,Good Housing,Ease of movement,Being tied without exercise for long periods ,Locomotor disorders (including lameness),Pain,High,Difficult,Knee alterations,Welfare outcome,Health/physical/production,Moderate,Low,,,"F, R",N (research only)
87,Dairy cows,Cubicles,Good Housing,Ease of movement,Fewer cubicles than cows,Locomotor disorders (including lameness),Pain,High,Moderate,Knee alterations,Welfare outcome,Health/physical/production,Moderate,Low,,,"F, R",N (research only)
87,Dairy cows,Tie stalls,Good Housing,Ease of movement,Fewer cubicles than cows,Locomotor disorders (including lameness),Pain,High,Moderate,Knee alterations,Welfare outcome,Health/physical/production,Moderate,Low,2,13a,"F, R",N (research only)
88,Dairy cows,Cubicles,Good Housing,Ease of movement,Inadequate maintenance of housing,Locomotor disorders (including lameness),Pain,High,Easy,Knee alterations,Welfare outcome,Health/physical/production,Moderate,Low,2,13a,"F, R",N (research only)
88,Dairy cows,Tie stalls,Good Housing,Ease of movement,Inadequate maintenance of housing,Locomotor disorders (including lameness),Pain,High,Easy,Knee alterations,Welfare outcome,Health/physical/production,Moderate,Low,2,13a,"F, R",N (research only)
89,Dairy cows,Cubicles,Good Housing,Ease of movement,Lack of space for exercise and social interactions,Locomotor disorders (including lameness),Pain,High,Difficult,Knee alterations,Welfare outcome,Health/physical/production,Moderate,Low,,,"F, R",N (research only)
89,Dairy cows,Tie stalls,Good Housing,Ease of movement,Lack of space for exercise and social interactions,Locomotor disorders (including lameness),Pain,High,Difficult,Knee alterations,Welfare outcome,Health/physical/production,Moderate,Low,2,13a,"F, R",N (research only)
90,Dairy cows,Cubicles,Good Health,Absence of disease,Mixing animals from different groups,Locomotor disorders (including lameness),Pain,High,Moderate,Lesions of the claw,Welfare outcome,Health/physical/production,Easy,Low,,,F,Y
90,Dairy cows,Cubicles,Good Health,Absence of disease,Mixing animals from different groups,Locomotor disorders (including lameness),Pain,High,Moderate,Lesions of the claw,Welfare outcome,Health/physical/production,Easy,Low,3,13a,F,Y
91,Dairy cows,Tie stalls,Good Health,Absence of disease,"Inadequate flooring in passageways, feeding and milking areas",Soft tissue lesions and integument damage,Pain,High,Difficult,Lesions of the claw,Welfare outcome,Health/physical/production,Easy,Low,2,,F,Y
91,Dairy cows,Cubicles,Good Health,Absence of disease,"Inadequate flooring in passageways, feeding and milking areas",Soft tissue lesions and integument damage,Pain,High,Difficult,Lesions of the claw,Welfare outcome,Health/physical/production,Easy,Low,,,F,Y
92,Dairy cows,Tie stalls,Appropiate behaviour,Expression of other behaviours,Tie stall collar (too tight),Restriction of movement,Discomfort,High,Easy,Locomotory behaviour (restricted movement),Welfare outcome,Behavioural,Moderate,Medium,,,F,N  
92,Dairy cows,Cubicles,Appropiate behaviour,Expression of other behaviours,Tie stall collar (too tight),Restriction of movement,Discomfort,High,Easy,Locomotory behaviour (restricted movement),Welfare outcome,Behavioural,Moderate,Medium,,,F,N  
93,Dairy cows,Tie stalls,Good Housing,Comfort around resting,Insufficient space,Resting problems,Fatigue,High,Moderate,Lying behaviour synchronisation,Welfare outcome,Behavioural,Moderate,Medium,,13a,R,N (research only)
93,Dairy cows,Cubicles,Good Housing,Comfort around resting,Insufficient space,Resting problems,Fatigue,High,Moderate,Lying behaviour synchronisation,Welfare outcome,Behavioural,Moderate,Medium,,13a,R,N (research only)
94,Dairy cows,Cubicles,Good Housing,Comfort around resting,Insufficient space,Resting problems,Fatigue,High,Moderate,Lying time,Welfare outcome,Behavioural,Moderate,Medium,,13a,R,N (research only)
94,Dairy cows,Tie stalls,Good Housing,Comfort around resting,Insufficient space,Resting problems,Fatigue,High,Moderate,Lying time,Welfare outcome,Behavioural,Moderate,Medium,,13a,R,N (research only)
95,Dairy cows,Cubicles,Good Health,Absence of disease,Being tied without exercise for long periods ,Metabolic disorders,Discomfort,High,Difficult,Metabolic disorders,Welfare outcome,Health/physical/production,Moderate,Medium,3,,F,Y
95,Dairy cows,Tie stalls,Good Health,Absence of disease,Being tied without exercise for long periods ,Metabolic disorders,Discomfort,High,Difficult,Metabolic disorders,Welfare outcome,Health/physical/production,Moderate,Medium,,,F,Y
96,Dairy cows,Cubicles,Good Health,Absence of disease,Inadequate housing design,Metabolic disorders,Discomfort,High,Difficult,Metabolic disorders,Welfare outcome,Health/physical/production,Moderate,Medium,3,,F,Y
96,Dairy cows,Tie stalls,Good Health,Absence of disease,Inadequate housing design,Metabolic disorders,Discomfort,High,Difficult,Metabolic disorders,Welfare outcome,Health/physical/production,Moderate,Medium,3,,F,Y
97,Dairy cows,Cubicles,Good Health,Absence of disease,Inadequate maintenance of housing,Metabolic disorders,Discomfort,High,Easy,Metabolic disorders,Welfare outcome,Health/physical/production,Moderate,Medium,3,,F,Y
97,Dairy cows,Cubicles,Good Health,Absence of disease,Inadequate maintenance of housing,Metabolic disorders,Discomfort,High,Easy,Metabolic disorders,Welfare outcome,Health/physical/production,Moderate,Medium,3,,F,Y
98,Dairy cows,Tie stalls,Good Health,Absence of disease,Continuous housing for long periods,Mastitis,Discomfort,High,Difficult,Milk somatic cell count (bulk or individual),Welfare outcome,Health/physical/production,Moderate,Medium,7,13a,F,Y
98,Dairy cows,Cubicles,Good Health,Absence of disease,Continuous housing for long periods,Mastitis,Discomfort,High,Difficult,Milk somatic cell count (bulk or individual),Welfare outcome,Health/physical/production,Moderate,Medium,7,13a,F,Y
99,Dairy cows,Tie stalls,Good Health,Absence of disease,Early separation of cow and calf,Mastitis,Discomfort,High,Difficult,Milk somatic cell count (bulk or individual),Welfare outcome,Health/physical/production,Moderate,Medium,6,13a,F,Y
99,Dairy cows,Cubicles,Good Health,Absence of disease,Early separation of cow and calf,Mastitis,Discomfort,High,Difficult,Milk somatic cell count (bulk or individual),Welfare outcome,Health/physical/production,Moderate,Medium,6,13a,F,Y
100,Dairy cows,Tie stalls,Good Health,Absence of disease,Inadequate milking equipment,Mastitis,Discomfort,High,Moderate,Milk somatic cell count (bulk or individual),Welfare outcome,Health/physical/production,Moderate,Medium,3,13a,F,Y
100,Dairy cows,Cubicles,Good Health,Absence of disease,Inadequate milking equipment,Mastitis,Discomfort,High,Moderate,Milk somatic cell count (bulk or individual),Welfare outcome,Health/physical/production,Moderate,Medium,3,13a,F,Y
101,Dairy cows,Cubicles,Good Health,Absence of disease,Inadequate milking parlour design,Mastitis,Discomfort,High,Difficult,Milk somatic cell count (bulk or individual),Welfare outcome,Health/physical/production,Moderate,Medium,,,F,Y
101,Dairy cows,Tie stalls,Good Health,Absence of disease,Inadequate milking parlour design,Mastitis,Discomfort,High,Difficult,Milk somatic cell count (bulk or individual),Welfare outcome,Health/physical/production,Moderate,Medium,3,13a,F,Y
102,Dairy cows,Cubicles,Good Health,Absence of disease,Inadequate milking robot design,Mastitis,Discomfort,High,Moderate,Milk somatic cell count (bulk or individual),Welfare outcome,Health/physical/production,Moderate,Medium,,,F,Y
102,Dairy cows,Tie stalls,Good Health,Absence of disease,Inadequate milking robot design,Mastitis,Discomfort,High,Moderate,Milk somatic cell count (bulk or individual),Welfare outcome,Health/physical/production,Moderate,Medium,3,13a,F,Y
103,Dairy cows,Cubicles,Good Health,Absence of injuries,Tie stall collar (injury),Soft tissue lesions and integument damage,Pain,High,Moderate,Neck injuries,Welfare outcome,Health/physical/production ,Easy,Low,,,F,Y
103,Dairy cows,Tie stalls,Good Health,Absence of injuries,Tie stall collar (injury),Soft tissue lesions and integument damage,Pain,High,Moderate,Neck injuries,Welfare outcome,Health/physical/production ,Easy,Low,,,F,Y
104,Dairy cows,Cubicles,Appropiate behaviour,Positive emotional state,Insufficient protection from weather,Cold stress,Di(stress),Low,Moderate,Physiological stress indicators,Welfare outcome,Health/physical/production,Difficult,High,7,,R,N (research only)
104,Dairy cows,Cubicles,Appropiate behaviour,Positive emotional state,Insufficient protection from weather,Cold stress,Di(stress),Low,Moderate,Physiological stress indicators,Welfare outcome,Health/physical/production,Difficult,High,7,,R,N (research only)
105,Dairy cows,Tie stalls,Appropiate behaviour,Positive emotional state,Being tied up temporarily,Environmental stress,Fear,Low,Easy,Physiological stress indicators,Welfare outcome,Health/physical/production,Difficult,High,,,R,N (research only)
105,Dairy cows,Cubicles,Appropiate behaviour,Positive emotional state,Being tied up temporarily,Environmental stress,Fear,Low,Easy,Physiological stress indicators,Welfare outcome,Health/physical/production,Difficult,High,2,,R,N (research only)
106,Dairy cows,Tie stalls,Appropiate behaviour,Positive emotional state,Being tied up temporarily,Environmental stress,Frustration,Low,Easy,Physiological stress indicators,Welfare outcome,Health/physical/production,Difficult,High,,,R,N (research only)
106,Dairy cows,Cubicles,Appropiate behaviour,Positive emotional state,Being tied up temporarily,Environmental stress,Frustration,Low,Easy,Physiological stress indicators,Welfare outcome,Health/physical/production,Difficult,High,2,,R,N (research only)
107,Dairy cows,Tie stalls,Appropiate behaviour,Positive emotional state,Being tied without exercise for long periods ,Environmental stress,Frustration,Low,Difficult,Physiological stress indicators,Welfare outcome,Health/physical/production,Difficult,High,2,,R,N (research only)
107,Dairy cows,Cubicles,Appropiate behaviour,Positive emotional state,Being tied without exercise for long periods ,Environmental stress,Frustration,Low,Difficult,Physiological stress indicators,Welfare outcome,Health/physical/production,Difficult,High,,,R,N (research only)
108,Dairy cows,Cubicles,Appropiate behaviour,Positive emotional state,Excessive noise (constant or sudden),Environmental stress,Di(stress),Low,Moderate,Physiological stress indicators,Welfare outcome,Health/physical/production,Difficult,High,4,,R,N (research only)
108,Dairy cows,Tie stalls,Appropiate behaviour,Positive emotional state,Excessive noise (constant or sudden),Environmental stress,Di(stress),Low,Moderate,Physiological stress indicators,Welfare outcome,Health/physical/production,Difficult,High,4,,R,N (research only)
109,Dairy cows,Cubicles,Appropiate behaviour,Positive emotional state,Fewer cubicles than cows,Environmental stress,Frustration,Low,Moderate,Physiological stress indicators,Welfare outcome,Health/physical/production,Difficult,High,,,R,N (research only)
109,Dairy cows,Tie stalls,Appropiate behaviour,Positive emotional state,Fewer cubicles than cows,Environmental stress,Frustration,Low,Moderate,Physiological stress indicators,Welfare outcome,Health/physical/production,Difficult,High,2,,R,N (research only)
110,Dairy cows,Cubicles,Appropiate behaviour,Positive emotional state,Inadequate bedding (cubicle/stall floor),Environmental stress,Fear,Low,Easy,Physiological stress indicators,Welfare outcome,Health/physical/production,Difficult,High,2,,R,N (research only)
110,Dairy cows,Tie stalls,Appropiate behaviour,Positive emotional state,Inadequate bedding (cubicle/stall floor),Environmental stress,Fear,Low,Easy,Physiological stress indicators,Welfare outcome,Health/physical/production,Difficult,High,2,,R,N (research only)
111,Dairy cows,Cubicles,Appropiate behaviour,Positive emotional state,"Inadequate design of waiting area (size, flooring, crowding gates)",Environmental stress,Fear,Low,Difficult,Physiological stress indicators,Welfare outcome,Health/physical/production,Difficult,High,,,R,N (research only)
111,Dairy cows,Cubicles,Appropiate behaviour,Positive emotional state,"Inadequate design of waiting area (size, flooring, crowding gates)",Environmental stress,Fear,Low,Difficult,Physiological stress indicators,Welfare outcome,Health/physical/production,Difficult,High,2,,R,N (research only)
112,Dairy cows,Tie stalls,Appropiate behaviour,Positive emotional state,"Inadequate flooring in passageways, feeding and milking areas",Environmental stress,Fear,Low,Difficult,Physiological stress indicators,Welfare outcome,Health/physical/production,Difficult,High,,,R,N (research only)
112,Dairy cows,Cubicles,Appropiate behaviour,Positive emotional state,"Inadequate flooring in passageways, feeding and milking areas",Environmental stress,Fear,Low,Difficult,Physiological stress indicators,Welfare outcome,Health/physical/production,Difficult,High,2,,R,N (research only)
113,Dairy cows,Tie stalls,Appropiate behaviour,Positive emotional state,Inadequate maintenance of milking equipment,Environmental stress,Fear,Low,Easy,Physiological stress indicators,Welfare outcome,Health/physical/production,Difficult,High,2,,R,N (research only)
113,Dairy cows,Cubicles,Appropiate behaviour,Positive emotional state,Inadequate maintenance of milking equipment,Environmental stress,Fear,Low,Easy,Physiological stress indicators,Welfare outcome,Health/physical/production,Difficult,High,2,,R,N (research only)
114,Dairy cows,Tie stalls,Appropiate behaviour,Positive emotional state,Inadequate milking equipment,Environmental stress,Fear,Low,Moderate,Physiological stress indicators,Welfare outcome,Health/physical/production,Difficult,High,3,,R,N (research only)
114,Dairy cows,Cubicles,Appropiate behaviour,Positive emotional state,Inadequate milking equipment,Environmental stress,Fear,Low,Moderate,Physiological stress indicators,Welfare outcome,Health/physical/production,Difficult,High,3,,R,N (research only)
115,Dairy cows,Cubicles,Appropiate behaviour,Positive emotional state,Inadequate milking parlour design,Environmental stress,Fear,Low,Difficult,Physiological stress indicators,Welfare outcome,Health/physical/production,Difficult,High,,,R,N (research only)
115,Dairy cows,Tie stalls,Appropiate behaviour,Positive emotional state,Inadequate milking parlour design,Environmental stress,Fear,Low,Difficult,Physiological stress indicators,Welfare outcome,Health/physical/production,Difficult,High,2,,R,N (research only)
116,Dairy cows,Cubicles,Appropiate behaviour,Positive emotional state,Inadequate milking parlour design,Environmental stress,Frustration,Low,Difficult,Physiological stress indicators,Welfare outcome,Health/physical/production,Difficult,High,,,R,N (research only)
116,Dairy cows,Tie stalls,Appropiate behaviour,Positive emotional state,Inadequate milking parlour design,Environmental stress,Frustration,Low,Difficult,Physiological stress indicators,Welfare outcome,Health/physical/production,Difficult,High,2,,R,N (research only)
117,Dairy cows,Cubicles,Appropiate behaviour,Positive emotional state,Inadequate milking robot design,Environmental stress,Fear,Low,Moderate,Physiological stress indicators,Welfare outcome,Health/physical/production,Difficult,High,,,R,N (research only)
117,Dairy cows,Tie stalls,Appropiate behaviour,Positive emotional state,Inadequate milking robot design,Environmental stress,Fear,Low,Moderate,Physiological stress indicators,Welfare outcome,Health/physical/production,Difficult,High,2,,R,N (research only)
118,Dairy cows,Cubicles,Appropiate behaviour,Positive emotional state,Inadequate milking robot design,Environmental stress,Frustration,Low,Moderate,Physiological stress indicators,Welfare outcome,Health/physical/production,Difficult,High,,,R,N (research only)
118,Dairy cows,Cubicles,Appropiate behaviour,Positive emotional state,Inadequate milking robot design,Environmental stress,Frustration,Low,Moderate,Physiological stress indicators,Welfare outcome,Health/physical/production,Difficult,High,2,,R,N (research only)
119,Dairy cows,Tie stalls,Appropiate behaviour,Positive emotional state,"Insufficient access to water (broken system, poor management)",Environmental stress,Frustration,Low,Easy,Physiological stress indicators,Welfare outcome,Health/physical/production,Difficult,High,2,,R,N (research only)
119,Dairy cows,Cubicles,Appropiate behaviour,Positive emotional state,"Insufficient access to water (broken system, poor management)",Environmental stress,Frustration,Low,Easy,Physiological stress indicators,Welfare outcome,Health/physical/production,Difficult,High,2,,R,N (research only)
120,Dairy cows,Tie stalls,Appropiate behaviour,Positive emotional state,Insufficient access to water (inappropriate system design),Environmental stress,Frustration,Low,Moderate,Physiological stress indicators,Welfare outcome,Health/physical/production,Difficult,High,2,,R,N (research only)
120,Dairy cows,Cubicles,Appropiate behaviour,Positive emotional state,Insufficient access to water (inappropriate system design),Environmental stress,Frustration,Low,Moderate,Physiological stress indicators,Welfare outcome,Health/physical/production,Difficult,High,2,,R,N (research only)
121,Dairy cows,Tie stalls,Appropiate behaviour,Positive emotional state,Poor calving conditions (absence of pen),Environmental stress,Fear,Low,Moderate,Physiological stress indicators,Welfare outcome,Health/physical/production,Difficult,High,2,,R,N (research only)
121,Dairy cows,Cubicles,Appropiate behaviour,Positive emotional state,Poor calving conditions (absence of pen),Environmental stress,Fear,Low,Moderate,Physiological stress indicators,Welfare outcome,Health/physical/production,Difficult,High,2,,R,N (research only)
122,Dairy cows,Cubicles,Appropiate behaviour,Positive emotional state,Poor calving conditions (absence of pen),Environmental stress,Di(stress),Low,Moderate,Physiological stress indicators,Welfare outcome,Health/physical/production,Difficult,High,2,,R,N (research only)
122,Dairy cows,Tie stalls,Appropiate behaviour,Positive emotional state,Poor calving conditions (absence of pen),Environmental stress,Di(stress),Low,Moderate,Physiological stress indicators,Welfare outcome,Health/physical/production,Difficult,High,2,,R,N (research only)
123,Dairy cows,Cubicles,Appropiate behaviour,Positive emotional state,Poor calving conditions (pen design),Environmental stress,Fear,Low,Moderate,Physiological stress indicators,Welfare outcome,Health/physical/production,Difficult,High,2,,R,N (research only)
123,Dairy cows,Tie stalls,Appropiate behaviour,Positive emotional state,Poor calving conditions (pen design),Environmental stress,Fear,Low,Moderate,Physiological stress indicators,Welfare outcome,Health/physical/production,Difficult,High,2,,R,N (research only)
124,Dairy cows,Cubicles,Appropiate behaviour,Positive emotional state,Poor cubicle design,Environmental stress,Fear,Low,Difficult,Physiological stress indicators,Welfare outcome,Health/physical/production,Difficult,High,,,R,N (research only)
124,Dairy cows,Tie stalls,Appropiate behaviour,Positive emotional state,Poor cubicle design,Environmental stress,Fear,Low,Difficult,Physiological stress indicators,Welfare outcome,Health/physical/production,Difficult,High,2,,R,N (research only)
125,Dairy cows,Cubicles,Appropiate behaviour,Positive emotional state,Poor stall design / stall too small,Environmental stress,Fear,Low,Difficult,Physiological stress indicators,Welfare outcome,Health/physical/production,Difficult,High,2,,R,N (research only)
125,Dairy cows,Cubicles,Appropiate behaviour,Positive emotional state,Poor stall design / stall too small,Environmental stress,Fear,Low,Difficult,Physiological stress indicators,Welfare outcome,Health/physical/production,Difficult,High,,,R,N (research only)
126,Dairy cows,Tie stalls,Appropiate behaviour,Positive emotional state,Use of cow trainers,Environmental stress,Fear,Low,Moderate,Physiological stress indicators,Welfare outcome,Health/physical/production,Difficult,High,,,R,N (research only)
126,Dairy cows,Cubicles,Appropiate behaviour,Positive emotional state,Use of cow trainers,Environmental stress,Fear,Low,Moderate,Physiological stress indicators,Welfare outcome,Health/physical/production,Difficult,High,,,R,N (research only)
127,Dairy cows,Tie stalls,Appropiate behaviour,Positive emotional state,Continuous housing for long periods,Group (social) stress,Di(stress),Low,Difficult,Physiological stress indicators,Welfare outcome,Health/physical/production,Difficult,High,2,,R,N (research only)
127,Dairy cows,Cubicles,Appropiate behaviour,Positive emotional state,Continuous housing for long periods,Group (social) stress,Di(stress),Low,Difficult,Physiological stress indicators,Welfare outcome,Health/physical/production,Difficult,High,2,,R,N (research only)
128,Dairy cows,Tie stalls,Appropiate behaviour,Positive emotional state,Fewer cubicles than cows,Group (social) stress,Di(stress),Low,Moderate,Physiological stress indicators,Welfare outcome,Health/physical/production,Difficult,High,,,R,N (research only)
128,Dairy cows,Cubicles,Appropiate behaviour,Positive emotional state,Fewer cubicles than cows,Group (social) stress,Di(stress),Low,Moderate,Physiological stress indicators,Welfare outcome,Health/physical/production,Difficult,High,2,,R,N (research only)
129,Dairy cows,Cubicles,Appropiate behaviour,Positive emotional state,"Insufficient access to water (broken system, poor management)",Group (social) stress,Di(stress),Low,Easy,Physiological stress indicators,Welfare outcome,Health/physical/production,Difficult,High,2,,R,N (research only)
129,Dairy cows,Tie stalls,Appropiate behaviour,Positive emotional state,"Insufficient access to water (broken system, poor management)",Group (social) stress,Di(stress),Low,Easy,Physiological stress indicators,Welfare outcome,Health/physical/production,Difficult,High,2,,R,N (research only)
130,Dairy cows,Cubicles,Appropiate behaviour,Positive emotional state,Insufficient access to water (inappropriate system design),Group (social) stress,Di(stress),Low,Moderate,Physiological stress indicators,Welfare outcome,Health/physical/production,Difficult,High,2,,R,N (research only)
130,Dairy cows,Tie stalls,Appropiate behaviour,Positive emotional state,Insufficient access to water (inappropriate system design),Group (social) stress,Di(stress),Low,Moderate,Physiological stress indicators,Welfare outcome,Health/physical/production,Difficult,High,2,,R,N (research only)
131,Dairy cows,Cubicles,Appropiate behaviour,Positive emotional state,Lack of facilities for sick animals,Group (social) stress,Di(stress),Low,Moderate,Physiological stress indicators,Welfare outcome,Health/physical/production,Difficult,High,3,,R,N (research only)
131,Dairy cows,Tie stalls,Appropiate behaviour,Positive emotional state,Lack of facilities for sick animals,Group (social) stress,Di(stress),Low,Moderate,Physiological stress indicators,Welfare outcome,Health/physical/production,Difficult,High,3,,R,N (research only)
132,Dairy cows,Cubicles,Appropiate behaviour,Positive emotional state,Lack of space for exercise and social interactions,Group (social) stress,Di(stress),Low,Difficult,Physiological stress indicators,Welfare outcome,Health/physical/production,Difficult,High,,,R,N (research only)
132,Dairy cows,Cubicles,Appropiate behaviour,Positive emotional state,Lack of space for exercise and social interactions,Group (social) stress,Di(stress),Low,Difficult,Physiological stress indicators,Welfare outcome,Health/physical/production,Difficult,High,2,,R,N (research only)
133,Dairy cows,Tie stalls,Appropiate behaviour,Positive emotional state,Mixing animals from different groups,Group (social) stress,Fear,Low,Moderate,Physiological stress indicators,Welfare outcome,Health/physical/production,Difficult,High,,,R,N (research only)
133,Dairy cows,Cubicles,Appropiate behaviour,Positive emotional state,Mixing animals from different groups,Group (social) stress,Fear,Low,Moderate,Physiological stress indicators,Welfare outcome,Health/physical/production,Difficult,High,2,,R,N (research only)
134,Dairy cows,Tie stalls,Appropiate behaviour,Positive emotional state,Poor calving conditions (pen design),Group (social) stress,Di(stress),Low,Moderate,Physiological stress indicators,Welfare outcome,Health/physical/production,Difficult,High,2,,R,N (research only)
134,Dairy cows,Cubicles,Appropiate behaviour,Positive emotional state,Poor calving conditions (pen design),Group (social) stress,Di(stress),Low,Moderate,Physiological stress indicators,Welfare outcome,Health/physical/production,Difficult,High,2,,R,N (research only)
135,Dairy cows,Tie stalls,Appropiate behaviour,Positive emotional state,Poor calving conditions (unable to separate from other animals),Group (social) stress,Fear,Low,Moderate,Physiological stress indicators,Welfare outcome,Health/physical/production,Difficult,High,2,,R,N (research only)
135,Dairy cows,Cubicles,Appropiate behaviour,Positive emotional state,Poor calving conditions (unable to separate from other animals),Group (social) stress,Fear,Low,Moderate,Physiological stress indicators,Welfare outcome,Health/physical/production,Difficult,High,2,,R,N (research only)
136,Dairy cows,Cubicles,Appropiate behaviour,Positive emotional state,Poor calving conditions (unable to separate from other animals),Group (social) stress,Di(stress),Low,Moderate,Physiological stress indicators,Welfare outcome,Health/physical/production,Difficult,High,2,,R,N (research only)
136,Dairy cows,Tie stalls,Appropiate behaviour,Positive emotional state,Poor calving conditions (unable to separate from other animals),Group (social) stress,Di(stress),Low,Moderate,Physiological stress indicators,Welfare outcome,Health/physical/production,Difficult,High,2,,R,N (research only)
137,Dairy cows,Cubicles,Appropiate behaviour,Positive emotional state,Too few feeding places indoors,Group (social) stress,Di(stress),Low,Difficult,Physiological stress indicators,Welfare outcome,Health/physical/production,Difficult,High,,,R,N (research only)
137,Dairy cows,Tie stalls,Appropiate behaviour,Positive emotional state,Too few feeding places indoors,Group (social) stress,Di(stress),Low,Difficult,Physiological stress indicators,Welfare outcome,Health/physical/production,Difficult,High,2,,R,N (research only)
138,Dairy cows,Cubicles,Appropiate behaviour,Positive emotional state,Lack of handling/restraining facilities,Handling stress,Fear,Low,Moderate,Physiological stress indicators,Welfare outcome,Health/physical/production,Difficult,High,2,,R,N (research only)
138,Dairy cows,Tie stalls,Appropiate behaviour,Positive emotional state,Lack of handling/restraining facilities,Handling stress,Fear,Low,Moderate,Physiological stress indicators,Welfare outcome,Health/physical/production,Difficult,High,2,,R,N (research only)
139,Dairy cows,Cubicles,Appropiate behaviour,Positive emotional state,Insufficient protection from weather,Heat stress,Di(stress),Low,Moderate,Physiological stress indicators,Welfare outcome,Health/physical/production,Difficult,High,,,R,N (research only)
139,Dairy cows,Cubicles,Appropiate behaviour,Positive emotional state,Insufficient protection from weather,Heat stress,Di(stress),Low,Moderate,Physiological stress indicators,Welfare outcome,Health/physical/production,Difficult,High,,,R,N (research only)
140,Dairy cows,Tie stalls,Appropiate behaviour,Positive emotional state,Too few feeding places indoors,Inability to chew and/or ruminate,Frustration,Low,Difficult,Physiological stress indicators,Welfare outcome,Health/physical/production,Difficult,High,,,R,N (research only)
140,Dairy cows,Cubicles,Appropiate behaviour,Positive emotional state,Too few feeding places indoors,Inability to chew and/or ruminate,Frustration,Low,Difficult,Physiological stress indicators,Welfare outcome,Health/physical/production,Difficult,High,2,,R,N (research only)
141,Dairy cows,Tie stalls,Appropiate behaviour,Positive emotional state,Being tied without exercise for long periods ,Isolation stress,Di(stress),Low,Difficult,Physiological stress indicators,Welfare outcome,Health/physical/production,Difficult,High,2,,R,N (research only)
141,Dairy cows,Cubicles,Appropiate behaviour,Positive emotional state,Being tied without exercise for long periods ,Isolation stress,Di(stress),Low,Difficult,Physiological stress indicators,Welfare outcome,Health/physical/production,Difficult,High,,,R,N (research only)
142,Dairy cows,Tie stalls,Appropiate behaviour,Positive emotional state,Early separation of cow and calf,Separation stress,Di(stress),High,Difficult,Physiological stress indicators,Welfare outcome,Health/physical/production,Difficult,High,5,,R,N (research only)
142,Dairy cows,Cubicles,Appropiate behaviour,Positive emotional state,Early separation of cow and calf,Separation stress,Di(stress),High,Difficult,Physiological stress indicators,Welfare outcome,Health/physical/production,Difficult,High,5,,R,N (research only)
143,Dairy cows,Cubicles,Appropiate behaviour,Positive emotional state,Early separation of cow and calf (after 24h),Separation stress,Di(stress),High,Easy,Physiological stress indicators,Welfare outcome,Health/physical/production,Difficult,High,5,,R,N (research only)
143,Dairy cows,Tie stalls,Appropiate behaviour,Positive emotional state,Early separation of cow and calf (after 24h),Separation stress,Di(stress),High,Easy,Physiological stress indicators,Welfare outcome,Health/physical/production,Difficult,High,5,,R,N (research only)
144,Dairy cows,Cubicles,Good Health,Absence of disease,Mixing animals from different groups,Reproductive disorders,Discomfort,High,Moderate,Reproductive disorders,Welfare outcome,Health/physical/production,Easy,Medium,,,F,Y
144,Dairy cows,Tie stalls,Good Health,Absence of disease,Mixing animals from different groups,Reproductive disorders,Discomfort,High,Moderate,Reproductive disorders,Welfare outcome,Health/physical/production,Easy,Medium,3,,F,Y
145,Dairy cows,Cubicles,Good Housing,Thermal comfort,Inadequate maintenance of housing,Heat stress,Di(stress),Low,Easy,Respiratory rate and panting ,Welfare outcome,Behavioural,Moderate,Low,3,,"F, R",Y
145,Dairy cows,Tie stalls,Good Housing,Thermal comfort,Inadequate maintenance of housing,Heat stress,Di(stress),Low,Easy,Respiratory rate and panting ,Welfare outcome,Behavioural,Moderate,Low,3,,"F, R",Y
146,Dairy cows,Cubicles,Good Housing,Thermal comfort,Insufficient protection from weather,Heat stress,Di(stress),Low,Moderate,Respiratory rate and panting ,Welfare outcome,Behavioural,Moderate,Low,7,,"F, R",Y
146,Dairy cows,Cubicles,Good Housing,Thermal comfort,Insufficient protection from weather,Heat stress,Di(stress),Low,Moderate,Respiratory rate and panting ,Welfare outcome,Behavioural,Moderate,Low,7,,"F, R",Y
147,Dairy cows,Tie stalls,Appropiate behaviour,Expression of other behaviours,Being tied up temporarily,Inability to perform comfort behaviour,Discomfort,Low,Easy,Self-grooming,Welfare outcome,Behavioural,Moderate,Medium,,,R,N (research only)
147,Dairy cows,Cubicles,Appropiate behaviour,Expression of other behaviours,Being tied up temporarily,Inability to perform comfort behaviour,Discomfort,Low,Easy,Self-grooming,Welfare outcome,Behavioural,Moderate,Medium,2,13a,R,N (research only)
148,Dairy cows,Tie stalls,Appropiate behaviour,Expression of other behaviours,"Inadequate flooring in passageways, feeding and milking areas",Inability to perform comfort behaviour,Discomfort,Low,Difficult,Self-grooming,Welfare outcome,Behavioural,Moderate,Medium,2,13a,R,N (research only)
148,Dairy cows,Cubicles,Appropiate behaviour,Expression of other behaviours,"Inadequate flooring in passageways, feeding and milking areas",Inability to perform comfort behaviour,Discomfort,Low,Difficult,Self-grooming,Welfare outcome,Behavioural,Moderate,Medium,2,13a,R,N (research only)
149,Dairy cows,Tie stalls,Good Housing,Thermal comfort,Inadequate bedding (cubicle/stall floor),Cold stress,Discomfort,Low,Easy,Shivering,Welfare outcome,Behavioural,Moderate,Low,2,,"F, R",Y
149,Dairy cows,Cubicles,Good Housing,Thermal comfort,Inadequate bedding (cubicle/stall floor),Cold stress,Discomfort,Low,Easy,Shivering,Welfare outcome,Behavioural,Moderate,Low,2,,"F, R",Y
150,Dairy cows,Cubicles,Good Housing,Thermal comfort,Inadequate maintenance of housing,Cold stress,Di(stress),Low,Easy,Shivering,Welfare outcome,Behavioural,Moderate,Low,3,,"F, R",Y
150,Dairy cows,Tie stalls,Good Housing,Thermal comfort,Inadequate maintenance of housing,Cold stress,Di(stress),Low,Easy,Shivering,Welfare outcome,Behavioural,Moderate,Low,3,,"F, R",Y
151,Dairy cows,Cubicles,Good Housing,Thermal comfort,Insufficient protection from weather,Cold stress,Di(stress),Low,Moderate,Shivering,Welfare outcome,Behavioural,Moderate,Low,7,,"F, R",Y
151,Dairy cows,Tie stalls,Good Housing,Thermal comfort,Insufficient protection from weather,Cold stress,Di(stress),Low,Moderate,Shivering,Welfare outcome,Behavioural,Moderate,Low,7,,"F, R",Y
152,Dairy cows,Cubicles,Good Housing,Thermal comfort,Lack of facilities for sick animals,Cold stress,Di(stress),Low,Moderate,Shivering,Welfare outcome,Behavioural,Moderate,Low,3,,"F, R",Y
152,Dairy cows,Tie stalls,Good Housing,Thermal comfort,Lack of facilities for sick animals,Cold stress,Di(stress),Low,Moderate,Shivering,Welfare outcome,Behavioural,Moderate,Low,3,,"F, R",Y
153,Dairy cows,Cubicles,Appropiate behaviour,Expression of other behaviours,Insufficient space,Restriction of movement,Discomfort,High,Moderate,Speed,Welfare outcome,Behavioural,Difficult,High,,13a,R,N (research only)
153,Dairy cows,Cubicles,Appropiate behaviour,Expression of other behaviours,Insufficient space,Restriction of movement,Discomfort,High,Moderate,Speed,Welfare outcome,Behavioural,Difficult,High,,13a,R,N (research only)
154,Dairy cows,Tie stalls,Appropiate behaviour,Expression of other behaviours,Insufficient space,Restriction of movement,Discomfort,High,Moderate,Step activity,Welfare outcome,Behavioural,Difficult,High,,13a,R,N (research only)
154,Dairy cows,Cubicles,Appropiate behaviour,Expression of other behaviours,Insufficient space,Restriction of movement,Discomfort,High,Moderate,Step activity,Welfare outcome,Behavioural,Difficult,High,,13a,R,N (research only)
155,Dairy cows,Tie stalls,Good Health,Absence of injuries,Insufficient protection from weather,Soft tissue lesions and integument damage,Pain,High,Moderate,Sunburn injury,Welfare outcome,Health/physical/production,Easy,Low,3,,F,Y
155,Dairy cows,Cubicles,Good Health,Absence of injuries,Insufficient protection from weather,Soft tissue lesions and integument damage,Pain,High,Moderate,Sunburn injury,Welfare outcome,Health/physical/production,Easy,Low,3,,F,Y
156,Dairy cows,Tie stalls,Good Health,Absence of disease,Inadequate milking equipment,Soft tissue lesions and integument damage,Discomfort,High,Moderate,Teat disorders,Welfare outcome,Health/physical/production,Easy,Low,3,,F,Y
156,Dairy cows,Cubicles,Good Health,Absence of disease,Inadequate milking equipment,Soft tissue lesions and integument damage,Discomfort,High,Moderate,Teat disorders,Welfare outcome,Health/physical/production,Easy,Low,3,,F,Y
157,Dairy cows,Cubicles,Appropiate behaviour,Expression of other behaviours,Continuous housing for long periods,General disruption of behaviour,Frustration,Low,Difficult,Time budgets (disruption of behaviour),Welfare outcome,Behavioural,Moderate,Medium,2,,R,N (research only)
157,Dairy cows,Tie stalls,Appropiate behaviour,Expression of other behaviours,Continuous housing for long periods,General disruption of behaviour,Frustration,Low,Difficult,Time budgets (disruption of behaviour),Welfare outcome,Behavioural,Moderate,Medium,2,,R,N (research only)
158,Dairy cows,Cubicles,Appropiate behaviour,Expression of other behaviours,Fewer cubicles than cows,General disruption of behaviour,Discomfort,Low,Moderate,Time budgets (disruption of behaviour),Welfare outcome,Behavioural,Moderate,Medium,,,R,N (research only)
158,Dairy cows,Tie stalls,Appropiate behaviour,Expression of other behaviours,Fewer cubicles than cows,General disruption of behaviour,Discomfort,Low,Moderate,Time budgets (disruption of behaviour),Welfare outcome,Behavioural,Moderate,Medium,2,,R,N (research only)
159,Dairy cows,Cubicles,Appropiate behaviour,Expression of other behaviours,Inadequate bedding (cubicle/stall floor),General disruption of behaviour,Frustration,Low,Easy,Time budgets (disruption of behaviour),Welfare outcome,Behavioural,Moderate,Medium,2,,R,N (research only)
159,Dairy cows,Tie stalls,Appropiate behaviour,Expression of other behaviours,Inadequate bedding (cubicle/stall floor),General disruption of behaviour,Frustration,Low,Easy,Time budgets (disruption of behaviour),Welfare outcome,Behavioural,Moderate,Medium,2,,R,N (research only)
160,Dairy cows,Cubicles,Appropiate behaviour,Expression of other behaviours,"Inadequate design of waiting area (size, flooring, crowding gates)",General disruption of behaviour,Frustration,Low,Difficult,Time budgets (disruption of behaviour),Welfare outcome,Behavioural,Moderate,Medium,,,R,N (research only)
160,Dairy cows,Cubicles,Appropiate behaviour,Expression of other behaviours,"Inadequate design of waiting area (size, flooring, crowding gates)",General disruption of behaviour,Frustration,Low,Difficult,Time budgets (disruption of behaviour),Welfare outcome,Behavioural,Moderate,Medium,2,,R,N (research only)
161,Dairy cows,Tie stalls,Appropiate behaviour,Expression of other behaviours,Inadequate milking parlour design,General disruption of behaviour,Frustration,Low,Difficult,Time budgets (disruption of behaviour),Welfare outcome,Behavioural,Moderate,Medium,,,R,N (research only)
161,Dairy cows,Cubicles,Appropiate behaviour,Expression of other behaviours,Inadequate milking parlour design,General disruption of behaviour,Frustration,Low,Difficult,Time budgets (disruption of behaviour),Welfare outcome,Behavioural,Moderate,Medium,2,,R,N (research only)
162,Dairy cows,Tie stalls,Appropiate behaviour,Expression of other behaviours,Inadequate milking robot design,General disruption of behaviour,Frustration,Low,Moderate,Time budgets (disruption of behaviour),Welfare outcome,Behavioural,Moderate,Medium,,,R,N (research only)
162,Dairy cows,Cubicles,Appropiate behaviour,Expression of other behaviours,Inadequate milking robot design,General disruption of behaviour,Frustration,Low,Moderate,Time budgets (disruption of behaviour),Welfare outcome,Behavioural,Moderate,Medium,2,,R,N (research only)
163,Dairy cows,Tie stalls,Appropiate behaviour,Expression of other behaviours,"Insufficient access to water (broken system, poor management)",General disruption of behaviour,Frustration,Low,Easy,Time budgets (disruption of behaviour),Welfare outcome,Behavioural,Moderate,Medium,2,,R,N (research only)
163,Dairy cows,Cubicles,Appropiate behaviour,Expression of other behaviours,"Insufficient access to water (broken system, poor management)",General disruption of behaviour,Frustration,Low,Easy,Time budgets (disruption of behaviour),Welfare outcome,Behavioural,Moderate,Medium,2,,R,N (research only)
164,Dairy cows,Cubicles,Appropiate behaviour,Expression of other behaviours,Insufficient access to water (inappropriate system design),General disruption of behaviour,Frustration,Low,Moderate,Time budgets (disruption of behaviour),Welfare outcome,Behavioural,Moderate,Medium,2,,R,N (research only)
164,Dairy cows,Tie stalls,Appropiate behaviour,Expression of other behaviours,Insufficient access to water (inappropriate system design),General disruption of behaviour,Frustration,Low,Moderate,Time budgets (disruption of behaviour),Welfare outcome,Behavioural,Moderate,Medium,2,,R,N (research only)
165,Dairy cows,Cubicles,Appropiate behaviour,Expression of other behaviours,Lack of handling/restraining facilities,General disruption of behaviour,Frustration,Low,Moderate,Time budgets (disruption of behaviour),Welfare outcome,Behavioural,Moderate,Medium,2,,R,N (research only)
165,Dairy cows,Tie stalls,Appropiate behaviour,Expression of other behaviours,Lack of handling/restraining facilities,General disruption of behaviour,Frustration,Low,Moderate,Time budgets (disruption of behaviour),Welfare outcome,Behavioural,Moderate,Medium,2,,R,N (research only)
166,Dairy cows,Cubicles,Appropiate behaviour,Expression of other behaviours,Poor calving conditions (absence of pen),General disruption of behaviour,Frustration,Low,Moderate,Time budgets (disruption of behaviour),Welfare outcome,Behavioural,Moderate,Medium,2,,R,N (research only)
166,Dairy cows,Tie stalls,Appropiate behaviour,Expression of other behaviours,Poor calving conditions (absence of pen),General disruption of behaviour,Frustration,Low,Moderate,Time budgets (disruption of behaviour),Welfare outcome,Behavioural,Moderate,Medium,2,,R,N (research only)
167,Dairy cows,Cubicles,Appropiate behaviour,Expression of other behaviours,Poor calving conditions (pen design),General disruption of behaviour,Frustration,Low,Moderate,Time budgets (disruption of behaviour),Welfare outcome,Behavioural,Moderate,Medium,2,,R,N (research only)
167,Dairy cows,Cubicles,Appropiate behaviour,Expression of other behaviours,Poor calving conditions (pen design),General disruption of behaviour,Frustration,Low,Moderate,Time budgets (disruption of behaviour),Welfare outcome,Behavioural,Moderate,Medium,2,,R,N (research only)
168,Dairy cows,Tie stalls,Appropiate behaviour,Expression of other behaviours,Poor calving conditions (unable to separate from other animals),General disruption of behaviour,Frustration,Low,Moderate,Time budgets (disruption of behaviour),Welfare outcome,Behavioural,Moderate,Medium,2,,R,N (research only)
168,Dairy cows,Cubicles,Appropiate behaviour,Expression of other behaviours,Poor calving conditions (unable to separate from other animals),General disruption of behaviour,Frustration,Low,Moderate,Time budgets (disruption of behaviour),Welfare outcome,Behavioural,Moderate,Medium,2,,R,N (research only)
169,Dairy cows,Tie stalls,Appropiate behaviour,Expression of other behaviours,Poor cubicle design,General disruption of behaviour,Frustration,Low,Difficult,Time budgets (disruption of behaviour),Welfare outcome,Behavioural,Moderate,Medium,,,R,N (research only)
169,Dairy cows,Cubicles,Appropiate behaviour,Expression of other behaviours,Poor cubicle design,General disruption of behaviour,Frustration,Low,Difficult,Time budgets (disruption of behaviour),Welfare outcome,Behavioural,Moderate,Medium,2,,R,N (research only)
170,Dairy cows,Tie stalls,Appropiate behaviour,Expression of other behaviours,Poor stall design / stall too small,General disruption of behaviour,Frustration,Low,Difficult,Time budgets (disruption of behaviour),Welfare outcome,Behavioural,Moderate,Medium,2,,R,N (research only)
170,Dairy cows,Cubicles,Appropiate behaviour,Expression of other behaviours,Poor stall design / stall too small,General disruption of behaviour,Frustration,Low,Difficult,Time budgets (disruption of behaviour),Welfare outcome,Behavioural,Moderate,Medium,,,R,N (research only)
171,Dairy cows,Cubicles,Appropiate behaviour,Expression of other behaviours,Use of cow trainers,General disruption of behaviour,Frustration,Low,Moderate,Time budgets (disruption of behaviour),Welfare outcome,Behavioural,Moderate,Medium,2,,R,N (research only)
171,Dairy cows,Tie stalls,Appropiate behaviour,Expression of other behaviours,Use of cow trainers,General disruption of behaviour,Frustration,Low,Moderate,Time budgets (disruption of behaviour),Welfare outcome,Behavioural,Moderate,Medium,,,R,N (research only)
172,Dairy cows,Cubicles,Good Housing,Thermal comfort,Insufficient protection from weather,General disruption of behaviour,Di(stress),Low,Moderate,"Time budgets (increased standing, decreased lying)",Welfare outcome,Behavioural,Moderate,Medium,7,,R,N (research only)
172,Dairy cows,Tie stalls,Good Housing,Thermal comfort,Insufficient protection from weather,General disruption of behaviour,Di(stress),Low,Moderate,"Time budgets (increased standing, decreased lying)",Welfare outcome,Behavioural,Moderate,Medium,7,,R,N (research only)
173,Dairy cows,Cubicles,Good Housing,Comfort around resting,Continuous housing for long periods,Resting problems,Fatigue,High,Difficult,Time budgets (lack of rest),Welfare outcome,Behavioural,Moderate,Medium,7,,R,N (research only)
173,Dairy cows,Tie stalls,Good Housing,Comfort around resting,Continuous housing for long periods,Resting problems,Fatigue,High,Difficult,Time budgets (lack of rest),Welfare outcome,Behavioural,Moderate,Medium,7,,R,N (research only)
174,Dairy cows,Cubicles,Good Housing,Comfort around resting,Fewer cubicles than cows,Resting problems,Fatigue,High,Moderate,Time budgets (lack of rest),Welfare outcome,Behavioural,Moderate,Medium,,,R,N (research only)
174,Dairy cows,Cubicles,Good Housing,Comfort around resting,Fewer cubicles than cows,Resting problems,Fatigue,High,Moderate,Time budgets (lack of rest),Welfare outcome,Behavioural,Moderate,Medium,2,,R,N (research only)
175,Dairy cows,Tie stalls,Good Housing,Comfort around resting,Inadequate bedding (cubicle/stall floor),Resting problems,Fatigue,High,Easy,Time budgets (lack of rest),Welfare outcome,Behavioural,Moderate,Medium,2,,R,N (research only)
175,Dairy cows,Cubicles,Good Housing,Comfort around resting,Inadequate bedding (cubicle/stall floor),Resting problems,Fatigue,High,Easy,Time budgets (lack of rest),Welfare outcome,Behavioural,Moderate,Medium,2,,R,N (research only)
176,Dairy cows,Tie stalls,Good Housing,Comfort around resting,Inadequate maintenance of housing,Resting problems,Fatigue,High,Easy,Time budgets (lack of rest),Welfare outcome,Behavioural,Moderate,Medium,3,,R,N (research only)
176,Dairy cows,Cubicles,Good Housing,Comfort around resting,Inadequate maintenance of housing,Resting problems,Fatigue,High,Easy,Time budgets (lack of rest),Welfare outcome,Behavioural,Moderate,Medium,3,,R,N (research only)
177,Dairy cows,Tie stalls,Good Housing,Comfort around resting,Lack of facilities for sick animals,Resting problems,Fatigue,High,Moderate,Time budgets (lack of rest),Welfare outcome,Behavioural,Moderate,Medium,3,,R,N (research only)
177,Dairy cows,Cubicles,Good Housing,Comfort around resting,Lack of facilities for sick animals,Resting problems,Fatigue,High,Moderate,Time budgets (lack of rest),Welfare outcome,Behavioural,Moderate,Medium,3,,R,N (research only)
178,Dairy cows,Cubicles,Good Housing,Comfort around resting,Poor cubicle design,Resting problems,Fatigue,High,Difficult,Time budgets (lack of rest),Welfare outcome,Behavioural,Moderate,Medium,,,R,N (research only)
178,Dairy cows,Tie stalls,Good Housing,Comfort around resting,Poor cubicle design,Resting problems,Fatigue,High,Difficult,Time budgets (lack of rest),Welfare outcome,Behavioural,Moderate,Medium,2,,R,N (research only)
179,Dairy cows,Cubicles,Good Housing,Comfort around resting,Poor stall design / stall too small,Resting problems,Fatigue,High,Difficult,Time budgets (lack of rest),Welfare outcome,Behavioural,Moderate,Medium,2,,R,N (research only)
179,Dairy cows,Tie stalls,Good Housing,Comfort around resting,Poor stall design / stall too small,Resting problems,Fatigue,High,Difficult,Time budgets (lack of rest),Welfare outcome,Behavioural,Moderate,Medium,,,R,N (research only)
180,Dairy cows,Cubicles,Appropiate behaviour,Expression of other behaviours,Continuous housing for long periods,General disruption of behaviour,Frustration,Low,Difficult,Time budgets (prevention of behaviour),Welfare outcome,Behavioural,Moderate,Medium,2,,R,N (research only)
180,Dairy cows,Tie stalls,Appropiate behaviour,Expression of other behaviours,Continuous housing for long periods,General disruption of behaviour,Frustration,Low,Difficult,Time budgets (prevention of behaviour),Welfare outcome,Behavioural,Moderate,Medium,2,,R,N (research only)
181,Dairy cows,Cubicles,Appropiate behaviour,Expression of other behaviours,Inadequate bedding (cubicle/stall floor),General disruption of behaviour,Frustration,Low,Easy,Time budgets (prevention of behaviour),Welfare outcome,Behavioural,Moderate,Medium,2,,R,N (research only)
181,Dairy cows,Cubicles,Appropiate behaviour,Expression of other behaviours,Inadequate bedding (cubicle/stall floor),General disruption of behaviour,Frustration,Low,Easy,Time budgets (prevention of behaviour),Welfare outcome,Behavioural,Moderate,Medium,2,,R,N (research only)
182,Dairy cows,Tie stalls,Appropiate behaviour,Expression of other behaviours,"Inadequate design of waiting area (size, flooring, crowding gates)",General disruption of behaviour,Frustration,Low,Difficult,Time budgets (prevention of behaviour),Welfare outcome,Behavioural,Moderate,Medium,,,R,N (research only)
182,Dairy cows,Cubicles,Appropiate behaviour,Expression of other behaviours,"Inadequate design of waiting area (size, flooring, crowding gates)",General disruption of behaviour,Frustration,Low,Difficult,Time budgets (prevention of behaviour),Welfare outcome,Behavioural,Moderate,Medium,2,,R,N (research only)
183,Dairy cows,Tie stalls,Appropiate behaviour,Expression of other behaviours,Inadequate milking parlour design,General disruption of behaviour,Frustration,Low,Difficult,Time budgets (prevention of behaviour),Welfare outcome,Behavioural,Moderate,Medium,,,R,N (research only)
183,Dairy cows,Cubicles,Appropiate behaviour,Expression of other behaviours,Inadequate milking parlour design,General disruption of behaviour,Frustration,Low,Difficult,Time budgets (prevention of behaviour),Welfare outcome,Behavioural,Moderate,Medium,2,,R,N (research only)
184,Dairy cows,Tie stalls,Appropiate behaviour,Expression of other behaviours,Inadequate milking robot design,General disruption of behaviour,Frustration,Low,Moderate,Time budgets (prevention of behaviour),Welfare outcome,Behavioural,Moderate,Medium,,,R,N (research only)
184,Dairy cows,Cubicles,Appropiate behaviour,Expression of other behaviours,Inadequate milking robot design,General disruption of behaviour,Frustration,Low,Moderate,Time budgets (prevention of behaviour),Welfare outcome,Behavioural,Moderate,Medium,2,,R,N (research only)
185,Dairy cows,Cubicles,Appropiate behaviour,Expression of other behaviours,Lack of handling/restraining facilities,General disruption of behaviour,Frustration,Low,Moderate,Time budgets (prevention of behaviour),Welfare outcome,Behavioural,Moderate,Medium,2,,R,N (research only)
185,Dairy cows,Tie stalls,Appropiate behaviour,Expression of other behaviours,Lack of handling/restraining facilities,General disruption of behaviour,Frustration,Low,Moderate,Time budgets (prevention of behaviour),Welfare outcome,Behavioural,Moderate,Medium,2,,R,N (research only)
186,Dairy cows,Cubicles,Appropiate behaviour,Expression of other behaviours,Poor cubicle design,General disruption of behaviour,Frustration,Low,Difficult,Time budgets (prevention of behaviour),Welfare outcome,Behavioural,Moderate,Medium,,,R,N (research only)
186,Dairy cows,Tie stalls,Appropiate behaviour,Expression of other behaviours,Poor cubicle design,General disruption of behaviour,Frustration,Low,Difficult,Time budgets (prevention of behaviour),Welfare outcome,Behavioural,Moderate,Medium,2,,R,N (research only)
187,Dairy cows,Cubicles,Appropiate behaviour,Expression of other behaviours,Poor stall design / stall too small,General disruption of behaviour,Frustration,Low,Difficult,Time budgets (prevention of behaviour),Welfare outcome,Behavioural,Moderate,Medium,2,,R,N (research only)
187,Dairy cows,Tie stalls,Appropiate behaviour,Expression of other behaviours,Poor stall design / stall too small,General disruption of behaviour,Frustration,Low,Difficult,Time budgets (prevention of behaviour),Welfare outcome,Behavioural,Moderate,Medium,,,R,N (research only)
188,Dairy cows,Cubicles,Appropiate behaviour,Expression of other behaviours,Lack of environmental enrichment,General disruption of behaviour,Frustration,Low,Easy,Time budgets (reduced behavioural repertoire),Welfare outcome,Behavioural,Moderate,Medium,4,,R,N (research only)
188,Dairy cows,Cubicles,Appropiate behaviour,Expression of other behaviours,Lack of environmental enrichment,General disruption of behaviour,Frustration,Low,Easy,Time budgets (reduced behavioural repertoire),Welfare outcome,Behavioural,Moderate,Medium,4,,R,N (research only)
189,Dairy cows,Tie stalls,Appropiate behaviour,Positive emotional state,Early separation of cow and calf,Separation stress,Di(stress),High,Difficult,Time spent looking out of pen,Welfare outcome,Behavioural,Moderate,Medium,5,,R,N (research only)
189,Dairy cows,Cubicles,Appropiate behaviour,Positive emotional state,Early separation of cow and calf,Separation stress,Di(stress),High,Difficult,Time spent looking out of pen,Welfare outcome,Behavioural,Moderate,Medium,5,,R,N (research only)
190,Dairy cows,Tie stalls,Appropiate behaviour,Positive emotional state,Early separation of cow and calf (after 24h),Separation stress,Di(stress),High,Easy,Time spent looking out of pen,Welfare outcome,Behavioural,Moderate,Medium,5,5,R,N (research only)
190,Dairy cows,Cubicles,Appropiate behaviour,Positive emotional state,Early separation of cow and calf (after 24h),Separation stress,Di(stress),High,Easy,Time spent looking out of pen,Welfare outcome,Behavioural,Moderate,Medium,5,5,R,N (research only)
191,Dairy cows,Tie stalls,Appropiate behaviour,Positive emotional state,Early separation of cow and calf,Separation stress,Di(stress),High,Difficult,Vocalisations  ,Welfare outcome,Behavioural,Moderate,Medium,4,,"F, R",Y
191,Dairy cows,Cubicles,Appropiate behaviour,Positive emotional state,Early separation of cow and calf,Separation stress,Di(stress),High,Difficult,Vocalisations  ,Welfare outcome,Behavioural,Moderate,Medium,4,,"F, R",Y
192,Dairy cows,Cubicles,Appropiate behaviour,Positive emotional state,Early separation of cow and calf (after 24h),Separation stress,Di(stress),High,Easy,Vocalisations  ,Welfare outcome,Behavioural,Moderate,Medium,5,5,"F, R",Y
192,Dairy cows,Tie stalls,Appropiate behaviour,Positive emotional state,Early separation of cow and calf (after 24h),Separation stress,Di(stress),High,Easy,Vocalisations  ,Welfare outcome,Behavioural,Moderate,Medium,5,5,"F, R",Y
193,Dairy cows,Cubicles,Appropiate behaviour,Expression of other behaviours,Insufficient space,Restriction of movement,Discomfort,High,Moderate,Walking distance,Welfare outcome,Behavioural,Difficult,High,,13a,R,N (research only)
193,Dairy cows,Tie stalls,Appropiate behaviour,Expression of other behaviours,Insufficient space,Restriction of movement,Discomfort,High,Moderate,Walking distance,Welfare outcome,Behavioural,Difficult,High,,13a,R,N (research only)
194,Dairy cows,Cubicles,Good Health,Absence of disease,Pasture access,Gastro-enteric disorders,Discomfort,High,Moderate,Weight loss (adults) or restricted weight gain (calves),Welfare outcome,Health/physical/production,Easy,Low,,,F,Y
194,Dairy cows,Tie stalls,Good Health,Absence of disease,Pasture access,Gastro-enteric disorders,Discomfort,High,Moderate,Weight loss (adults) or restricted weight gain (calves),Welfare outcome,Health/physical/production,Easy,Low,,,F,Y